name,frequency,percentage,ranking,gender,year
49,Pasquale,1113.0,0.42,50.0,M,1999.0
56,Sofia,3025.0,1.21,13.0,F,1999.0
31,Alessio,4453.0,1.69,14.0,M,1999.0
82,Laura,2829.0,1.13,15.0,F,1999.0
57,Aurora,2920.0,1.17,15.0,F,1999.0
7,Federico,4315.0,1.63,15.0,M,1999.0
32,Giovanni,4094.0,1.55,16.0,M,1999.0
8,Gabriele,4039.0,1.53,17.0,M,1999.0
58,Ilaria,2759.0,1.1,17.0,F,1999.0
83,Alessandra,2535.0,1.01,17.0,F,1999.0
33,Michele,3611.0,1.37,18.0,M,1999.0
59,Silvia,2515.0,1.0,19.0,F,1999.0
9,Daniele,3334.0,1.26,19.0,M,1999.0
84,Arianna,2481.0,0.99,19.0,F,1999.0
34,Stefano,3063.0,1.16,20.0,M,1999.0
10,Leonardo,2899.0,1.1,21.0,M,1999.0
85,Giada,2393.0,0.96,21.0,F,1999.0
60,Beatrice,2402.0,0.96,21.0,F,1999.0
35,Nicola,2792.0,1.06,22.0,M,1999.0
11,Salvatore,2702.0,1.02,23.0,M,1999.0
86,Maria,2315.0,0.92,23.0,F,1999.0
61,Eleonora,2341.0,0.93,23.0,F,1999.0
81,Elena,2923.0,1.17,13.0,F,1999.0
6,Mattia,4497.0,1.7,13.0,M,1999.0
30,Riccardo,4634.0,1.76,12.0,M,1999.0
55,Valentina,3299.0,1.32,11.0,F,1999.0
0,Andrea,10336.0,3.91,1.0,M,1999.0
50,Martina,8773.0,3.5,1.0,F,1999.0
75,Alessia,8491.0,3.39,1.0,F,1999.0
25,Francesco,9494.0,3.6,2.0,M,1999.0
76,Chiara,7840.0,3.13,3.0,F,1999.0
51,Giulia,8411.0,3.36,3.0,F,1999.0
1,Alessandro,9000.0,3.41,3.0,M,1999.0
26,Matteo,8703.0,3.3,4.0,M,1999.0
77,Francesca,7006.0,2.8,5.0,F,1999.0
2,Luca,7799.0,2.95,5.0,M,1999.0
36,Emanuele,2693.0,1.02,24.0,M,1999.0
52,Sara,7186.0,2.87,5.0,F,1999.0
78,Giorgia,4240.0,1.69,7.0,F,1999.0
3,Marco,7002.0,2.65,7.0,M,1999.0
53,Federica,5070.0,2.02,7.0,F,1999.0
28,Davide,6418.0,2.43,8.0,M,1999.0
54,Anna,3540.0,1.41,9.0,F,1999.0
79,Elisa,3307.0,1.32,9.0,F,1999.0
4,Simone,6379.0,2.42,9.0,M,1999.0
29,Giuseppe,5510.0,2.09,10.0,M,1999.0
5,Antonio,4943.0,1.87,11.0,M,1999.0
80,Alice,3263.0,1.3,11.0,F,1999.0
27,Lorenzo,7499.0,2.84,6.0,M,1999.0
87,Claudia,2058.0,0.82,25.0,F,1999.0
74,Marika,1100.0,0.44,49.0,F,1999.0
12,Filippo,2684.0,1.02,25.0,M,1999.0
94,Lucia,1335.0,0.53,39.0,F,1999.0
69,Serena,1345.0,0.54,39.0,F,1999.0
44,Domenico,1640.0,0.62,40.0,M,1999.0
95,Sabrina,1296.0,0.52,41.0,F,1999.0
70,Greta,1328.0,0.53,41.0,F,1999.0
20,Roberto,1582.0,0.6,41.0,M,1999.0
45,Enrico,1511.0,0.57,42.0,M,1999.0
71,Caterina,1218.0,0.49,43.0,F,1999.0
21,Cristian,1407.0,0.53,43.0,M,1999.0
96,Letizia,1177.0,0.47,43.0,F,1999.0
46,Mario,1384.0,0.52,44.0,M,1999.0
72,Jessica,1166.0,0.47,45.0,F,1999.0
97,Benedetta,1148.0,0.46,45.0,F,1999.0
22,Angelo,1345.0,0.51,45.0,M,1999.0
47,Raffaele,1277.0,0.48,46.0,M,1999.0
73,Erika,1144.0,0.46,47.0,F,1999.0
98,Margherita,1113.0,0.44,47.0,F,1999.0
23,Alex,1264.0,0.48,47.0,M,1999.0
48,Giorgio,1235.0,0.47,48.0,M,1999.0
99,Asia,1089.0,0.43,49.0,F,1999.0
24,Jacopo,1220.0,0.46,49.0,M,1999.0
19,Manuel,1851.0,0.7,39.0,M,1999.0
43,Paolo,1919.0,0.73,38.0,M,1999.0
62,Camilla,2197.0,0.88,25.0,F,1999.0
68,Angela,1473.0,0.59,37.0,F,1999.0
93,Nicole,1424.0,0.57,37.0,F,1999.0
37,Vincenzo,2678.0,1.01,26.0,M,1999.0
63,Marta,2018.0,0.81,27.0,F,1999.0
13,Giacomo,2469.0,0.94,27.0,M,1999.0
88,Roberta,1965.0,0.78,27.0,F,1999.0
38,Nicolo,2366.0,0.9,28.0,M,1999.0
64,Michela,1873.0,0.75,29.0,F,1999.0
89,Noemi,1818.0,0.73,29.0,F,1999.0
39,Edoardo,2119.0,0.8,30.0,M,1999.0
90,Gaia,1705.0,0.68,31.0,F,1999.0
65,Rebecca,1782.0,0.71,31.0,F,1999.0
14,Fabio,2275.0,0.86,29.0,M,1999.0
40,Pietro,2075.0,0.79,32.0,M,1999.0
91,Veronica,1660.0,0.66,33.0,F,1999.0
66,Irene,1694.0,0.68,33.0,F,1999.0
18,Luigi,1970.0,0.75,37.0,M,1999.0
16,Tommaso,2009.0,0.76,33.0,M,1999.0
41,Alberto,1992.0,0.75,34.0,M,1999.0
67,Valeria,1615.0,0.64,35.0,F,1999.0
92,Simona,1551.0,0.62,35.0,F,1999.0
17,Samuele,1985.0,0.75,35.0,M,1999.0
42,Gianluca,1976.0,0.75,36.0,M,1999.0
15,Christian,2105.0,0.8,31.0,M,1999.0
58,Ilaria,2633.0,1.02,17.0,F,2000.0
8,Giovanni,4145.0,1.51,17.0,M,2000.0
32,Alessio,4382.0,1.6,16.0,M,2000.0
56,Valentina,3220.0,1.25,13.0,F,2000.0
57,Aurora,2679.0,1.04,15.0,F,2000.0
82,Arianna,2671.0,1.03,15.0,F,2000.0
31,Gabriele,4423.0,1.61,14.0,M,2000.0
83,Giada,2571.0,1.0,17.0,F,2000.0
7,Federico,4401.0,1.61,15.0,M,2000.0
33,Michele,3527.0,1.29,18.0,M,2000.0
61,Maria,2391.0,0.93,23.0,F,2000.0
9,Daniele,3406.0,1.24,19.0,M,2000.0
84,Laura,2516.0,0.97,19.0,F,2000.0
34,Leonardo,3195.0,1.17,20.0,M,2000.0
10,Stefano,2981.0,1.09,21.0,M,2000.0
85,Silvia,2448.0,0.95,21.0,F,2000.0
60,Beatrice,2494.0,0.97,21.0,F,2000.0
35,Filippo,2824.0,1.03,22.0,M,2000.0
11,Salvatore,2733.0,1.0,23.0,M,2000.0
86,Eleonora,2322.0,0.9,23.0,F,2000.0
81,Elena,3001.0,1.16,13.0,F,2000.0
59,Alessandra,2525.0,0.98,19.0,F,2000.0
6,Antonio,4945.0,1.8,13.0,M,2000.0
78,Giorgia,4740.0,1.83,7.0,F,2000.0
55,Elisa,3508.0,1.36,11.0,F,2000.0
36,Nicola,2691.0,0.98,24.0,M,2000.0
0,Andrea,10595.0,3.86,1.0,M,2000.0
50,Alessia,9315.0,3.61,1.0,F,2000.0
75,Chiara,8671.0,3.36,1.0,F,2000.0
25,Francesco,10387.0,3.79,2.0,M,2000.0
76,Giulia,8385.0,3.25,3.0,F,2000.0
51,Martina,8623.0,3.34,3.0,F,2000.0
1,Matteo,9810.0,3.58,3.0,M,2000.0
26,Alessandro,9226.0,3.37,4.0,M,2000.0
77,Francesca,6991.0,2.71,5.0,F,2000.0
30,Riccardo,5075.0,1.85,12.0,M,2000.0
2,Lorenzo,8052.0,2.94,5.0,M,2000.0
27,Luca,7780.0,2.84,6.0,M,2000.0
3,Marco,7014.0,2.56,7.0,M,2000.0
53,Federica,4947.0,1.91,7.0,F,2000.0
28,Davide,6458.0,2.36,8.0,M,2000.0
54,Alice,3809.0,1.47,9.0,F,2000.0
79,Anna,3663.0,1.42,9.0,F,2000.0
4,Simone,6407.0,2.34,9.0,M,2000.0
29,Giuseppe,5643.0,2.06,10.0,M,2000.0
5,Mattia,5368.0,1.96,11.0,M,2000.0
80,Sofia,3385.0,1.31,11.0,F,2000.0
52,Sara,7425.0,2.87,5.0,F,2000.0
87,Camilla,2213.0,0.86,25.0,F,2000.0
62,Gaia,2273.0,0.88,25.0,F,2000.0
12,Emanuele,2686.0,0.98,25.0,M,2000.0
94,Nicole,1358.0,0.53,39.0,F,2000.0
69,Greta,1361.0,0.53,39.0,F,2000.0
44,Domenico,1611.0,0.59,40.0,M,2000.0
95,Erika,1343.0,0.52,41.0,F,2000.0
70,Simona,1350.0,0.52,41.0,F,2000.0
20,Cristian,1574.0,0.57,41.0,M,2000.0
45,Jacopo,1560.0,0.57,42.0,M,2000.0
71,Lucia,1340.0,0.52,43.0,F,2000.0
21,Roberto,1544.0,0.56,43.0,M,2000.0
96,Serena,1272.0,0.49,43.0,F,2000.0
19,Paolo,1806.0,0.66,39.0,M,2000.0
46,Enrico,1450.0,0.53,44.0,M,2000.0
97,Ludovica,1237.0,0.48,45.0,F,2000.0
22,Angelo,1429.0,0.52,45.0,M,2000.0
47,Mario,1374.0,0.5,46.0,M,2000.0
73,Caterina,1227.0,0.47,47.0,F,2000.0
98,Marika,1223.0,0.47,47.0,F,2000.0
23,Alex,1345.0,0.49,47.0,M,2000.0
48,Giorgio,1265.0,0.46,48.0,M,2000.0
99,Margherita,1102.0,0.43,49.0,F,2000.0
24,Raffaele,1235.0,0.45,49.0,M,2000.0
74,Matilde,1207.0,0.47,49.0,F,2000.0
72,Letizia,1265.0,0.49,45.0,F,2000.0
43,Gianluca,1810.0,0.66,38.0,M,2000.0
49,Niccolo,1141.0,0.42,50.0,M,2000.0
68,Angela,1416.0,0.55,37.0,F,2000.0
93,Benedetta,1372.0,0.53,37.0,F,2000.0
37,Vincenzo,2677.0,0.98,26.0,M,2000.0
63,Noemi,2028.0,0.78,27.0,F,2000.0
13,Samuele,2617.0,0.95,27.0,M,2000.0
88,Marta,2022.0,0.78,27.0,F,2000.0
38,Nicolo,2516.0,0.92,28.0,M,2000.0
64,Irene,1981.0,0.77,29.0,F,2000.0
89,Roberta,1968.0,0.76,29.0,F,2000.0
39,Pietro,2380.0,0.87,30.0,M,2000.0
90,Michela,1846.0,0.71,31.0,F,2000.0
65,Claudia,1928.0,0.75,31.0,F,2000.0
14,Giacomo,2489.0,0.91,29.0,M,2000.0
40,Tommaso,2150.0,0.78,32.0,M,2000.0
91,Veronica,1620.0,0.63,33.0,F,2000.0
66,Rebecca,1688.0,0.65,33.0,F,2000.0
18,Alberto,1888.0,0.69,37.0,M,2000.0
16,Edoardo,2127.0,0.78,33.0,M,2000.0
41,Fabio,2095.0,0.76,34.0,M,2000.0
67,Valeria,1564.0,0.61,35.0,F,2000.0
92,Sabrina,1527.0,0.59,35.0,F,2000.0
17,Manuel,2078.0,0.76,35.0,M,2000.0
42,Luigi,1932.0,0.7,36.0,M,2000.0
15,Christian,2210.0,0.81,31.0,M,2000.0
58,Elena,2908.0,1.13,17.0,F,2001.0
8,Giovanni,4036.0,1.48,17.0,M,2001.0
32,Federico,4432.0,1.63,16.0,M,2001.0
56,Alice,3463.0,1.35,13.0,F,2001.0
57,Aurora,2995.0,1.17,15.0,F,2001.0
82,Giada,2989.0,1.16,15.0,F,2001.0
31,Antonio,4751.0,1.75,14.0,M,2001.0
83,Arianna,2609.0,1.02,17.0,F,2001.0
7,Alessio,4531.0,1.66,15.0,M,2001.0
33,Michele,3547.0,1.3,18.0,M,2001.0
61,Silvia,2184.0,0.85,23.0,F,2001.0
9,Daniele,3367.0,1.24,19.0,M,2001.0
84,Ilaria,2496.0,0.97,19.0,F,2001.0
34,Leonardo,3006.0,1.1,20.0,M,2001.0
10,Samuele,2836.0,1.04,21.0,M,2001.0
85,Alessandra,2353.0,0.92,21.0,F,2001.0
60,Laura,2399.0,0.93,21.0,F,2001.0
35,Filippo,2800.0,1.03,22.0,M,2001.0
11,Stefano,2662.0,0.98,23.0,M,2001.0
86,Maria,2146.0,0.84,23.0,F,2001.0
81,Valentina,3078.0,1.2,13.0,F,2001.0
59,Beatrice,2498.0,0.97,19.0,F,2001.0
6,Riccardo,4834.0,1.78,13.0,M,2001.0
78,Giorgia,4686.0,1.82,7.0,F,2001.0
55,Elisa,3525.0,1.37,11.0,F,2001.0
36,Pietro,2606.0,0.96,24.0,M,2001.0
0,Francesco,10283.0,3.78,1.0,M,2001.0
50,Sara,8254.0,3.21,1.0,F,2001.0
75,Chiara,8211.0,3.2,1.0,F,2001.0
25,Andrea,9731.0,3.58,2.0,M,2001.0
76,Giulia,8068.0,3.14,3.0,F,2001.0
51,Alessia,8147.0,3.17,3.0,F,2001.0
1,Matteo,9651.0,3.55,3.0,M,2001.0
26,Alessandro,8697.0,3.2,4.0,M,2001.0
77,Francesca,6957.0,2.71,5.0,F,2001.0
30,Gabriele,5036.0,1.85,12.0,M,2001.0
2,Lorenzo,8240.0,3.03,5.0,M,2001.0
27,Luca,7023.0,2.58,6.0,M,2001.0
3,Marco,6485.0,2.38,7.0,M,2001.0
53,Gaia,4712.0,1.83,7.0,F,2001.0
28,Simone,6222.0,2.29,8.0,M,2001.0
54,Federica,4352.0,1.69,9.0,F,2001.0
79,Anna,3615.0,1.41,9.0,F,2001.0
4,Davide,5840.0,2.15,9.0,M,2001.0
29,Giuseppe,5292.0,1.94,10.0,M,2001.0
5,Mattia,5159.0,1.9,11.0,M,2001.0
80,Sofia,3473.0,1.35,11.0,F,2001.0
52,Martina,8036.0,3.13,5.0,F,2001.0
87,Marta,2017.0,0.78,25.0,F,2001.0
62,Eleonora,2051.0,0.8,25.0,F,2001.0
12,Emanuele,2564.0,0.94,25.0,M,2001.0
94,Ludovica,1364.0,0.53,39.0,F,2001.0
69,Matilde,1373.0,0.53,39.0,F,2001.0
44,Gianluca,1569.0,0.58,40.0,M,2001.0
95,Serena,1357.0,0.53,41.0,F,2001.0
70,Greta,1359.0,0.53,41.0,F,2001.0
20,Domenico,1549.0,0.57,41.0,M,2001.0
45,Angelo,1433.0,0.53,42.0,M,2001.0
71,Valeria,1354.0,0.53,43.0,F,2001.0
21,Jacopo,1403.0,0.52,43.0,M,2001.0
96,Asia,1297.0,0.5,43.0,F,2001.0
19,Cristian,1609.0,0.59,39.0,M,2001.0
46,Mario,1354.0,0.5,44.0,M,2001.0
97,Simona,1250.0,0.49,45.0,F,2001.0
22,Roberto,1265.0,0.46,45.0,M,2001.0
47,Enrico,1264.0,0.46,46.0,M,2001.0
73,Erika,1248.0,0.49,47.0,F,2001.0
98,Caterina,1240.0,0.48,47.0,F,2001.0
23,Niccolo,1242.0,0.46,47.0,M,2001.0
48,Raffaele,1208.0,0.44,48.0,M,2001.0
99,Margherita,1132.0,0.44,49.0,F,2001.0
24,Alex,1188.0,0.44,49.0,M,2001.0
74,Marika,1152.0,0.45,49.0,F,2001.0
72,Lucia,1258.0,0.49,45.0,F,2001.0
43,Fabio,1779.0,0.65,38.0,M,2001.0
49,Giorgio,1145.0,0.42,50.0,M,2001.0
68,Veronica,1460.0,0.57,37.0,F,2001.0
93,Angela,1375.0,0.54,37.0,F,2001.0
37,Giacomo,2540.0,0.93,26.0,M,2001.0
63,Noemi,1976.0,0.77,27.0,F,2001.0
13,Nicolo,2534.0,0.93,27.0,M,2001.0
88,Camilla,1865.0,0.73,27.0,F,2001.0
38,Nicola,2506.0,0.92,28.0,M,2001.0
64,Irene,1864.0,0.73,29.0,F,2001.0
89,Rebecca,1748.0,0.68,29.0,F,2001.0
39,Tommaso,2498.0,0.92,30.0,M,2001.0
90,Roberta,1689.0,0.66,31.0,F,2001.0
65,Claudia,1692.0,0.66,31.0,F,2001.0
14,Salvatore,2503.0,0.92,29.0,M,2001.0
40,Edoardo,2052.0,0.75,32.0,M,2001.0
91,Michela,1581.0,0.62,33.0,F,2001.0
66,Benedetta,1608.0,0.63,33.0,F,2001.0
18,Alberto,1835.0,0.67,37.0,M,2001.0
16,Manuel,2026.0,0.74,33.0,M,2001.0
41,Christian,2018.0,0.74,34.0,M,2001.0
67,Sabrina,1517.0,0.59,35.0,F,2001.0
92,Nicole,1485.0,0.58,35.0,F,2001.0
17,Luigi,1876.0,0.69,35.0,M,2001.0
42,Paolo,1841.0,0.68,36.0,M,2001.0
15,Vincenzo,2471.0,0.91,31.0,M,2001.0
58,Valentina,2854.0,1.1,17.0,F,2002.0
8,Giovanni,3923.0,1.44,17.0,M,2002.0
32,Alessio,4149.0,1.53,16.0,M,2002.0
56,Anna,3619.0,1.4,13.0,F,2002.0
57,Giada,3235.0,1.25,15.0,F,2002.0
82,Elena,2969.0,1.15,15.0,F,2002.0
31,Antonio,4422.0,1.63,14.0,M,2002.0
83,Eleonora,2530.0,0.98,17.0,F,2002.0
7,Federico,4383.0,1.61,15.0,M,2002.0
33,Filippo,3888.0,1.43,18.0,M,2002.0
61,Alessandra,2077.0,0.8,23.0,F,2002.0
9,Leonardo,3487.0,1.28,19.0,M,2002.0
84,Beatrice,2383.0,0.92,19.0,F,2002.0
34,Daniele,3429.0,1.26,20.0,M,2002.0
10,Michele,3243.0,1.19,21.0,M,2002.0
85,Laura,2237.0,0.86,21.0,F,2002.0
60,Arianna,2341.0,0.9,21.0,F,2002.0
35,Samuele,3003.0,1.11,22.0,M,2002.0
11,Tommaso,2759.0,1.02,23.0,M,2002.0
86,Marta,1967.0,0.76,23.0,F,2002.0
81,Aurora,3326.0,1.29,13.0,F,2002.0
59,Ilaria,2386.0,0.92,19.0,F,2002.0
6,Riccardo,4780.0,1.76,13.0,M,2002.0
78,Sofia,4194.0,1.62,7.0,F,2002.0
55,Elisa,3785.0,1.46,11.0,F,2002.0
36,Emanuele,2689.0,0.99,24.0,M,2002.0
0,Francesco,10284.0,3.79,1.0,M,2002.0
50,Martina,9173.0,3.54,1.0,F,2002.0
75,Giulia,8812.0,3.41,1.0,F,2002.0
25,Andrea,9467.0,3.49,2.0,M,2002.0
76,Chiara,7524.0,2.91,3.0,F,2002.0
51,Sara,8053.0,3.11,3.0,F,2002.0
1,Alessandro,9230.0,3.4,3.0,M,2002.0
26,Matteo,8929.0,3.29,4.0,M,2002.0
77,Francesca,6378.0,2.46,5.0,F,2002.0
30,Giuseppe,4919.0,1.81,12.0,M,2002.0
2,Lorenzo,8464.0,3.12,5.0,M,2002.0
27,Luca,6321.0,2.33,6.0,M,2002.0
3,Marco,5940.0,2.19,7.0,M,2002.0
53,Giorgia,4775.0,1.85,7.0,F,2002.0
28,Davide,5729.0,2.11,8.0,M,2002.0
54,Federica,4002.0,1.55,9.0,F,2002.0
79,Alice,3921.0,1.52,9.0,F,2002.0
4,Simone,5658.0,2.08,9.0,M,2002.0
29,Mattia,5587.0,2.06,10.0,M,2002.0
5,Gabriele,5371.0,1.98,11.0,M,2002.0
80,Gaia,3748.0,1.45,11.0,F,2002.0
52,Alessia,7472.0,2.89,5.0,F,2002.0
87,Silvia,1938.0,0.75,25.0,F,2002.0
62,Noemi,1961.0,0.76,25.0,F,2002.0
12,Stefano,2515.0,0.93,25.0,M,2002.0
94,Veronica,1334.0,0.52,39.0,F,2002.0
69,Serena,1363.0,0.53,39.0,F,2002.0
44,Domenico,1433.0,0.53,40.0,M,2002.0
95,Greta,1332.0,0.51,41.0,F,2002.0
70,Sabrina,1333.0,0.52,41.0,F,2002.0
20,Gianluca,1405.0,0.52,41.0,M,2002.0
45,Jacopo,1358.0,0.5,42.0,M,2002.0
71,Ludovica,1323.0,0.51,43.0,F,2002.0
21,Angelo,1283.0,0.47,43.0,M,2002.0
96,Angela,1296.0,0.5,43.0,F,2002.0
19,Alberto,1556.0,0.57,39.0,M,2002.0
46,Mario,1244.0,0.46,44.0,M,2002.0
97,Lucia,1194.0,0.46,45.0,F,2002.0
22,Enrico,1218.0,0.45,45.0,M,2002.0
47,Alex,1183.0,0.44,46.0,M,2002.0
73,Simona,1152.0,0.45,47.0,F,2002.0
98,Margherita,1078.0,0.42,47.0,F,2002.0
23,Raffaele,1179.0,0.43,47.0,M,2002.0
48,Francesco Pio,1171.0,0.43,48.0,M,2002.0
99,Angelica,1074.0,0.42,49.0,F,2002.0
24,Giorgio,1147.0,0.42,49.0,M,2002.0
74,Marika,1076.0,0.42,49.0,F,2002.0
72,Caterina,1209.0,0.47,45.0,F,2002.0
43,Paolo,1621.0,0.6,38.0,M,2002.0
49,Roberto,1122.0,0.41,50.0,M,2002.0
68,Valeria,1428.0,0.55,37.0,F,2002.0
93,Roberta,1422.0,0.55,37.0,F,2002.0
37,Pietro,2453.0,0.9,26.0,M,2002.0
63,Maria,1904.0,0.74,27.0,F,2002.0
13,Nicola,2373.0,0.87,27.0,M,2002.0
88,Camilla,1849.0,0.71,27.0,F,2002.0
38,Giacomo,2356.0,0.87,28.0,M,2002.0
64,Claudia,1819.0,0.7,29.0,F,2002.0
89,Irene,1751.0,0.68,29.0,F,2002.0
39,Salvatore,2348.0,0.86,30.0,M,2002.0
90,Nicole,1703.0,0.66,31.0,F,2002.0
65,Matilde,1730.0,0.67,31.0,F,2002.0
14,Christian,2354.0,0.87,29.0,M,2002.0
40,Nicolo,2315.0,0.85,32.0,M,2002.0
91,Rebecca,1582.0,0.61,33.0,F,2002.0
66,Benedetta,1662.0,0.64,33.0,F,2002.0
18,Cristian,1634.0,0.6,37.0,M,2002.0
16,Edoardo,2213.0,0.81,33.0,M,2002.0
41,Manuel,1920.0,0.71,34.0,M,2002.0
67,Asia,1536.0,0.59,35.0,F,2002.0
92,Michela,1478.0,0.57,35.0,F,2002.0
17,Luigi,1771.0,0.65,35.0,M,2002.0
42,Fabio,1747.0,0.64,36.0,M,2002.0
15,Vincenzo,2338.0,0.86,31.0,M,2002.0
83,Ilaria,2469.0,0.96,17.0,F,2003.0
58,Valentina,2563.0,0.99,17.0,F,2003.0
8,Giovanni,3870.0,1.42,17.0,M,2003.0
31,Federico,4527.0,1.66,14.0,M,2003.0
7,Antonio,4454.0,1.63,15.0,M,2003.0
57,Elena,2970.0,1.15,15.0,F,2003.0
82,Giada,2853.0,1.1,15.0,F,2003.0
33,Filippo,3791.0,1.39,18.0,M,2003.0
32,Alessio,4222.0,1.55,16.0,M,2003.0
59,Beatrice,2408.0,0.93,19.0,F,2003.0
36,Emanuele,2623.0,0.96,24.0,M,2003.0
84,Eleonora,2314.0,0.9,19.0,F,2003.0
34,Daniele,3481.0,1.28,20.0,M,2003.0
10,Samuele,3386.0,1.24,21.0,M,2003.0
85,Noemi,2071.0,0.8,21.0,F,2003.0
60,Arianna,2180.0,0.84,21.0,F,2003.0
35,Michele,3206.0,1.17,22.0,M,2003.0
11,Tommaso,3017.0,1.11,23.0,M,2003.0
86,Laura,2011.0,0.78,23.0,F,2003.0
61,Marta,2020.0,0.78,23.0,F,2003.0
56,Elisa,3503.0,1.36,13.0,F,2003.0
9,Leonardo,3663.0,1.34,19.0,M,2003.0
81,Gaia,3350.0,1.3,13.0,F,2003.0
78,Alice,4802.0,1.86,7.0,F,2003.0
55,Federica,3525.0,1.36,11.0,F,2003.0
87,Camilla,1942.0,0.75,25.0,F,2003.0
0,Francesco,10368.0,3.8,1.0,M,2003.0
50,Giulia,11148.0,4.32,1.0,F,2003.0
75,Martina,8993.0,3.48,1.0,F,2003.0
25,Andrea,9475.0,3.47,2.0,M,2003.0
76,Sara,7468.0,2.89,3.0,F,2003.0
51,Chiara,7534.0,2.92,3.0,F,2003.0
1,Alessandro,9124.0,3.34,3.0,M,2003.0
26,Matteo,8533.0,3.13,4.0,M,2003.0
77,Francesca,6025.0,2.33,5.0,F,2003.0
30,Giuseppe,4968.0,1.82,12.0,M,2003.0
2,Lorenzo,7923.0,2.9,5.0,M,2003.0
27,Luca,6996.0,2.56,6.0,M,2003.0
3,Mattia,6044.0,2.21,7.0,M,2003.0
53,Giorgia,5578.0,2.16,7.0,F,2003.0
28,Gabriele,5984.0,2.19,8.0,M,2003.0
54,Sofia,4701.0,1.82,9.0,F,2003.0
79,Aurora,3770.0,1.46,9.0,F,2003.0
4,Davide,5886.0,2.16,9.0,M,2003.0
29,Marco,5718.0,2.09,10.0,M,2003.0
5,Simone,5290.0,1.94,11.0,M,2003.0
80,Anna,3517.0,1.36,11.0,F,2003.0
52,Alessia,6777.0,2.62,5.0,F,2003.0
62,Alessandra,2002.0,0.78,25.0,F,2003.0
6,Riccardo,4869.0,1.78,13.0,M,2003.0
37,Nicolo,2520.0,0.92,26.0,M,2003.0
94,Valeria,1329.0,0.51,39.0,F,2003.0
69,Marika,1432.0,0.55,39.0,F,2003.0
44,Cristian,1496.0,0.55,40.0,M,2003.0
95,Ludovica,1298.0,0.5,41.0,F,2003.0
70,Greta,1323.0,0.51,41.0,F,2003.0
20,Domenico,1453.0,0.53,41.0,M,2003.0
45,Gianluca,1369.0,0.5,42.0,M,2003.0
71,Veronica,1287.0,0.5,43.0,F,2003.0
21,Angelo,1352.0,0.5,43.0,M,2003.0
46,Mario,1273.0,0.47,44.0,M,2003.0
19,Alberto,1521.0,0.56,39.0,M,2003.0
72,Angela,1225.0,0.47,45.0,F,2003.0
22,Giorgio,1224.0,0.45,45.0,M,2003.0
47,Raffaele,1172.0,0.43,46.0,M,2003.0
73,Caterina,1199.0,0.46,47.0,F,2003.0
98,Margherita,1152.0,0.45,47.0,F,2003.0
23,Enrico,1164.0,0.43,47.0,M,2003.0
48,Alex,1116.0,0.41,48.0,M,2003.0
99,Vittoria,1142.0,0.44,49.0,F,2003.0
24,Diego,1106.0,0.41,49.0,M,2003.0
74,Emma,1148.0,0.44,49.0,F,2003.0
49,Niccolo,1092.0,0.4,50.0,M,2003.0
97,Lucia,1207.0,0.47,45.0,F,2003.0
43,Paolo,1637.0,0.6,38.0,M,2003.0
96,Roberta,1265.0,0.49,43.0,F,2003.0
93,Serena,1435.0,0.56,37.0,F,2003.0
63,Maria,1921.0,0.74,27.0,F,2003.0
12,Pietro,2593.0,0.95,25.0,M,2003.0
13,Edoardo,2437.0,0.89,27.0,M,2003.0
88,Rebecca,1901.0,0.74,27.0,F,2003.0
38,Stefano,2422.0,0.89,28.0,M,2003.0
64,Silvia,1845.0,0.71,29.0,F,2003.0
14,Giacomo,2354.0,0.86,29.0,M,2003.0
89,Matilde,1807.0,0.7,29.0,F,2003.0
90,Irene,1699.0,0.66,31.0,F,2003.0
65,Claudia,1720.0,0.67,31.0,F,2003.0
15,Nicola,2337.0,0.86,31.0,M,2003.0
39,Vincenzo,2338.0,0.86,30.0,M,2003.0
91,Erika,1554.0,0.6,33.0,F,2003.0
68,Michela,1439.0,0.56,37.0,F,2003.0
40,Salvatore,2252.0,0.82,32.0,M,2003.0
42,Luigi,1780.0,0.65,36.0,M,2003.0
17,Manuel,1880.0,0.69,35.0,M,2003.0
92,Nicole,1532.0,0.59,35.0,F,2003.0
18,Fabio,1674.0,0.61,37.0,M,2003.0
41,Jacopo,2091.0,0.77,34.0,M,2003.0
16,Christian,2236.0,0.82,33.0,M,2003.0
66,Asia,1691.0,0.65,33.0,F,2003.0
67,Benedetta,1549.0,0.6,35.0,F,2003.0
83,Valentina,2476.0,0.92,17.0,F,2004.0
56,Giada,3530.0,1.31,13.0,F,2004.0
31,Tommaso,4728.0,1.66,14.0,M,2004.0
82,Elena,2913.0,1.08,15.0,F,2004.0
57,Federica,3209.0,1.19,15.0,F,2004.0
7,Antonio,4371.0,1.54,15.0,M,2004.0
32,Alessio,4245.0,1.49,16.0,M,2004.0
8,Federico,4216.0,1.48,17.0,M,2004.0
58,Alessandra,2643.0,0.98,17.0,F,2004.0
33,Giovanni,3925.0,1.38,18.0,M,2004.0
61,Noemi,2141.0,0.79,23.0,F,2004.0
9,Leonardo,3598.0,1.27,19.0,M,2004.0
84,Beatrice,2418.0,0.9,19.0,F,2004.0
34,Filippo,3577.0,1.26,20.0,M,2004.0
10,Samuele,3393.0,1.19,21.0,M,2004.0
85,Camilla,2166.0,0.8,21.0,F,2004.0
60,Arianna,2187.0,0.81,21.0,F,2004.0
35,Daniele,3354.0,1.18,22.0,M,2004.0
11,Michele,3271.0,1.15,23.0,M,2004.0
86,Eleonora,2106.0,0.78,23.0,F,2004.0
81,Gaia,3394.0,1.26,13.0,F,2004.0
59,Ilaria,2458.0,0.91,19.0,F,2004.0
6,Riccardo,4906.0,1.73,13.0,M,2004.0
0,Francesco,10412.0,3.66,1.0,M,2004.0
55,Aurora,4523.0,1.68,11.0,F,2004.0
36,Emanuele,2604.0,0.92,24.0,M,2004.0
50,Giulia,12246.0,4.54,1.0,F,2004.0
75,Martina,8528.0,3.16,1.0,F,2004.0
25,Alessandro,9544.0,3.36,2.0,M,2004.0
76,Sara,7498.0,2.78,3.0,F,2004.0
51,Chiara,7545.0,2.8,3.0,F,2004.0
1,Andrea,9173.0,3.23,3.0,M,2004.0
26,Matteo,8796.0,3.09,4.0,M,2004.0
77,Francesca,5730.0,2.13,5.0,F,2004.0
2,Lorenzo,8168.0,2.87,5.0,M,2004.0
30,Giuseppe,4986.0,1.75,12.0,M,2004.0
52,Alessia,6703.0,2.49,5.0,F,2004.0
78,Giorgia,5298.0,1.97,7.0,F,2004.0
3,Mattia,6328.0,2.23,7.0,M,2004.0
53,Sofia,5438.0,2.02,7.0,F,2004.0
28,Simone,6074.0,2.14,8.0,M,2004.0
54,Elisa,4751.0,1.76,9.0,F,2004.0
79,Alice,4719.0,1.75,9.0,F,2004.0
4,Davide,5969.0,2.1,9.0,M,2004.0
29,Marco,5779.0,2.03,10.0,M,2004.0
5,Gabriele,5742.0,2.02,11.0,M,2004.0
80,Anna,3648.0,1.35,11.0,F,2004.0
27,Luca,7103.0,2.5,6.0,M,2004.0
87,Marta,2070.0,0.77,25.0,F,2004.0
74,Marika,1209.0,0.45,49.0,F,2004.0
12,Nicolo,2584.0,0.91,25.0,M,2004.0
94,Veronica,1368.0,0.51,39.0,F,2004.0
69,Benedetta,1418.0,0.53,39.0,F,2004.0
44,Alberto,1513.0,0.53,40.0,M,2004.0
95,Roberta,1270.0,0.47,41.0,F,2004.0
70,Greta,1326.0,0.49,41.0,F,2004.0
20,Domenico,1426.0,0.5,41.0,M,2004.0
45,Angelo,1381.0,0.49,42.0,M,2004.0
71,Caterina,1257.0,0.47,43.0,F,2004.0
21,Thomas,1364.0,0.48,43.0,M,2004.0
96,Michela,1230.0,0.46,43.0,F,2004.0
19,Paolo,1570.0,0.55,39.0,M,2004.0
46,Gianluca,1319.0,0.46,44.0,M,2004.0
97,Erika,1223.0,0.45,45.0,F,2004.0
22,Mario,1290.0,0.45,45.0,M,2004.0
47,Valerio,1279.0,0.45,46.0,M,2004.0
73,Valeria,1220.0,0.45,47.0,F,2004.0
98,Angela,1209.0,0.45,47.0,F,2004.0
23,Diego,1229.0,0.43,47.0,M,2004.0
48,Giulio,1221.0,0.43,48.0,M,2004.0
99,Lucia,1181.0,0.44,49.0,F,2004.0
24,Giorgio,1170.0,0.41,49.0,M,2004.0
49,Raffaele,1140.0,0.4,50.0,M,2004.0
72,Ludovica,1229.0,0.46,45.0,F,2004.0
43,Cristian,1616.0,0.57,38.0,M,2004.0
62,Rebecca,2095.0,0.78,25.0,F,2004.0
68,Nicole,1521.0,0.56,37.0,F,2004.0
93,Sabrina,1468.0,0.54,37.0,F,2004.0
63,Serena,1998.0,0.74,27.0,F,2004.0
13,Giacomo,2398.0,0.84,27.0,M,2004.0
88,Laura,1944.0,0.72,27.0,F,2004.0
38,Edoardo,2359.0,0.83,28.0,M,2004.0
64,Emma,1925.0,0.71,29.0,F,2004.0
14,Stefano,2340.0,0.82,29.0,M,2004.0
89,Maria,1902.0,0.71,29.0,F,2004.0
39,Nicola,2330.0,0.82,30.0,M,2004.0
90,Asia,1826.0,0.68,31.0,F,2004.0
65,Matilde,1858.0,0.69,31.0,F,2004.0
37,Pietro,2565.0,0.9,26.0,M,2004.0
40,Salvatore,2311.0,0.81,32.0,M,2004.0
15,Vincenzo,2326.0,0.82,31.0,M,2004.0
42,Luigi,1771.0,0.62,36.0,M,2004.0
17,Manuel,1878.0,0.66,35.0,M,2004.0
92,Vittoria,1578.0,0.59,35.0,F,2004.0
18,Fabio,1631.0,0.57,37.0,M,2004.0
41,Jacopo,1938.0,0.68,34.0,M,2004.0
16,Christian,2166.0,0.76,33.0,M,2004.0
66,Silvia,1687.0,0.63,33.0,F,2004.0
91,Irene,1656.0,0.61,33.0,F,2004.0
67,Claudia,1593.0,0.59,35.0,F,2004.0
56,Giada,3513.0,1.33,13.0,F,2005.0
33,Alessio,3907.0,1.39,18.0,M,2005.0
82,Elena,2604.0,0.99,15.0,F,2005.0
57,Federica,2890.0,1.1,15.0,F,2005.0
7,Antonio,4278.0,1.52,15.0,M,2005.0
32,Federico,4018.0,1.43,16.0,M,2005.0
8,Giovanni,4010.0,1.43,17.0,M,2005.0
58,Alessandra,2576.0,0.98,17.0,F,2005.0
83,Emma,2550.0,0.97,17.0,F,2005.0
31,Giuseppe,4741.0,1.69,14.0,M,2005.0
10,Filippo,3299.0,1.18,21.0,M,2005.0
84,Valentina,2409.0,0.91,19.0,F,2005.0
34,Daniele,3310.0,1.18,20.0,M,2005.0
85,Asia,2256.0,0.86,21.0,F,2005.0
60,Ilaria,2318.0,0.88,21.0,F,2005.0
35,Samuele,3176.0,1.13,22.0,M,2005.0
11,Michele,3081.0,1.1,23.0,M,2005.0
86,Marta,2105.0,0.8,23.0,F,2005.0
61,Arianna,2141.0,0.81,23.0,F,2005.0
81,Gaia,3085.0,1.17,13.0,F,2005.0
9,Leonardo,3798.0,1.35,19.0,M,2005.0
6,Riccardo,4862.0,1.73,13.0,M,2005.0
78,Giorgia,5224.0,1.98,7.0,F,2005.0
55,Elisa,3998.0,1.52,11.0,F,2005.0
0,Francesco,10183.0,3.63,1.0,M,2005.0
50,Giulia,10846.0,4.12,1.0,F,2005.0
75,Martina,7604.0,2.89,1.0,F,2005.0
25,Alessandro,9386.0,3.34,2.0,M,2005.0
76,Chiara,7044.0,2.67,3.0,F,2005.0
51,Sara,7445.0,2.83,3.0,F,2005.0
1,Andrea,8732.0,3.11,3.0,M,2005.0
26,Matteo,8404.0,2.99,4.0,M,2005.0
77,Sofia,6062.0,2.3,5.0,F,2005.0
2,Lorenzo,8183.0,2.92,5.0,M,2005.0
30,Tommaso,5209.0,1.86,12.0,M,2005.0
52,Alessia,6171.0,2.34,5.0,F,2005.0
36,Pietro,2830.0,1.01,24.0,M,2005.0
3,Luca,6013.0,2.14,7.0,M,2005.0
53,Francesca,5456.0,2.07,7.0,F,2005.0
28,Davide,5819.0,2.07,8.0,M,2005.0
54,Aurora,4557.0,1.73,9.0,F,2005.0
79,Alice,4171.0,1.58,9.0,F,2005.0
4,Gabriele,5703.0,2.03,9.0,M,2005.0
29,Simone,5652.0,2.01,10.0,M,2005.0
5,Marco,5306.0,1.89,11.0,M,2005.0
80,Anna,3529.0,1.34,11.0,F,2005.0
27,Mattia,6388.0,2.28,6.0,M,2005.0
87,Noemi,2062.0,0.78,25.0,F,2005.0
59,Beatrice,2412.0,0.92,19.0,F,2005.0
49,Gianluca,1096.0,0.39,50.0,M,2005.0
69,Ludovica,1411.0,0.54,39.0,F,2005.0
44,Fabio,1482.0,0.53,40.0,M,2005.0
95,Caterina,1311.0,0.5,41.0,F,2005.0
70,Angelica,1366.0,0.52,41.0,F,2005.0
20,Alberto,1445.0,0.51,41.0,M,2005.0
45,Thomas,1422.0,0.51,42.0,M,2005.0
71,Veronica,1274.0,0.48,43.0,F,2005.0
21,Angelo,1319.0,0.47,43.0,M,2005.0
96,Denise,1240.0,0.47,43.0,F,2005.0
46,Domenico,1319.0,0.47,44.0,M,2005.0
94,Claudia,1390.0,0.53,39.0,F,2005.0
72,Sabrina,1205.0,0.46,45.0,F,2005.0
22,Daniel,1257.0,0.45,45.0,M,2005.0
47,Mario,1199.0,0.43,46.0,M,2005.0
73,Michela,1143.0,0.43,47.0,F,2005.0
98,Lucia,1141.0,0.43,47.0,F,2005.0
23,Raffaele,1171.0,0.42,47.0,M,2005.0
48,Giorgio,1132.0,0.4,48.0,M,2005.0
99,Roberta,1095.0,0.42,49.0,F,2005.0
24,Giulio,1130.0,0.4,49.0,M,2005.0
74,Carlotta,1098.0,0.42,49.0,F,2005.0
12,Emanuele,2829.0,1.01,25.0,M,2005.0
97,Margherita,1146.0,0.44,45.0,F,2005.0
19,Cristian,1619.0,0.58,39.0,M,2005.0
62,Rebecca,2066.0,0.78,25.0,F,2005.0
93,Vittoria,1449.0,0.55,37.0,F,2005.0
43,Paolo,1665.0,0.59,38.0,M,2005.0
63,Maria,1962.0,0.74,27.0,F,2005.0
13,Nicolo,2455.0,0.87,27.0,M,2005.0
88,Eleonora,1909.0,0.72,27.0,F,2005.0
38,Diego,2305.0,0.82,28.0,M,2005.0
64,Matilde,1887.0,0.72,29.0,F,2005.0
14,Giacomo,2218.0,0.79,29.0,M,2005.0
89,Benedetta,1811.0,0.69,29.0,F,2005.0
39,Salvatore,2196.0,0.78,30.0,M,2005.0
90,Greta,1751.0,0.66,31.0,F,2005.0
65,Camilla,1776.0,0.67,31.0,F,2005.0
37,Edoardo,2520.0,0.9,26.0,M,2005.0
40,Stefano,2173.0,0.77,32.0,M,2005.0
91,Laura,1730.0,0.66,33.0,F,2005.0
66,Irene,1744.0,0.66,33.0,F,2005.0
16,Vincenzo,2158.0,0.77,33.0,M,2005.0
41,Nicola,2142.0,0.76,34.0,M,2005.0
67,Serena,1694.0,0.64,35.0,F,2005.0
92,Nicole,1566.0,0.59,35.0,F,2005.0
17,Manuel,2120.0,0.76,35.0,M,2005.0
42,Jacopo,1938.0,0.69,36.0,M,2005.0
18,Luigi,1722.0,0.61,37.0,M,2005.0
68,Silvia,1502.0,0.57,37.0,F,2005.0
15,Christian,2173.0,0.77,31.0,M,2005.0
33,Filippo,3909.0,1.38,18.0,M,2006.0
83,Asia,2705.0,1.01,17.0,F,2006.0
58,Beatrice,2735.0,1.02,17.0,F,2006.0
31,Giuseppe,4553.0,1.6,14.0,M,2006.0
32,Leonardo,4246.0,1.49,16.0,M,2006.0
7,Antonio,4334.0,1.53,15.0,M,2006.0
57,Elena,2859.0,1.07,15.0,F,2006.0
82,Emma,2787.0,1.04,15.0,F,2006.0
8,Federico,4060.0,1.43,17.0,M,2006.0
59,Federica,2617.0,0.98,19.0,F,2006.0
85,Eleonora,2217.0,0.83,21.0,F,2006.0
84,Arianna,2381.0,0.89,19.0,F,2006.0
34,Alessio,3753.0,1.32,20.0,M,2006.0
10,Christian,3296.0,1.16,21.0,M,2006.0
60,Alessandra,2217.0,0.83,21.0,F,2006.0
35,Daniele,3203.0,1.13,22.0,M,2006.0
11,Samuele,3096.0,1.09,23.0,M,2006.0
86,Rebecca,2178.0,0.81,23.0,F,2006.0
61,Valentina,2194.0,0.82,23.0,F,2006.0
36,Michele,3040.0,1.07,24.0,M,2006.0
56,Anna,3608.0,1.35,13.0,F,2006.0
9,Giovanni,3776.0,1.33,19.0,M,2006.0
81,Gaia,3027.0,1.13,13.0,F,2006.0
78,Aurora,5668.0,2.12,7.0,F,2006.0
30,Riccardo,4801.0,1.69,12.0,M,2006.0
0,Francesco,10004.0,3.52,1.0,M,2006.0
50,Giulia,10233.0,3.82,1.0,F,2006.0
75,Sara,7316.0,2.73,1.0,F,2006.0
25,Alessandro,9399.0,3.31,2.0,M,2006.0
76,Martina,7161.0,2.67,3.0,F,2006.0
51,Sofia,7263.0,2.71,3.0,F,2006.0
1,Andrea,8808.0,3.1,3.0,M,2006.0
26,Matteo,8355.0,2.94,4.0,M,2006.0
77,Alessia,5846.0,2.18,5.0,F,2006.0
2,Lorenzo,7826.0,2.75,5.0,M,2006.0
6,Tommaso,4696.0,1.65,13.0,M,2006.0
52,Chiara,6672.0,2.49,5.0,F,2006.0
3,Simone,5894.0,2.07,7.0,M,2006.0
53,Giorgia,5673.0,2.12,7.0,F,2006.0
28,Luca,5864.0,2.06,8.0,M,2006.0
54,Francesca,4973.0,1.86,9.0,F,2006.0
79,Giada,4318.0,1.61,9.0,F,2006.0
4,Gabriele,5740.0,2.02,9.0,M,2006.0
29,Davide,5660.0,1.99,10.0,M,2006.0
5,Marco,5029.0,1.77,11.0,M,2006.0
80,Elisa,3759.0,1.4,11.0,F,2006.0
55,Alice,3954.0,1.48,11.0,F,2006.0
27,Mattia,5960.0,2.1,6.0,M,2006.0
87,Noemi,2102.0,0.78,25.0,F,2006.0
62,Ilaria,2121.0,0.79,25.0,F,2006.0
37,Pietro,2985.0,1.05,26.0,M,2006.0
69,Melissa,1512.0,0.56,39.0,F,2006.0
44,Paolo,1610.0,0.57,40.0,M,2006.0
95,Claudia,1338.0,0.5,41.0,F,2006.0
70,Silvia,1395.0,0.52,41.0,F,2006.0
20,Alberto,1408.0,0.5,41.0,M,2006.0
45,Angelo,1383.0,0.49,42.0,M,2006.0
71,Ginevra,1248.0,0.47,43.0,F,2006.0
21,Thomas,1370.0,0.48,43.0,M,2006.0
96,Caterina,1245.0,0.46,43.0,F,2006.0
46,Domenico,1293.0,0.46,44.0,M,2006.0
94,Serena,1403.0,0.52,39.0,F,2006.0
72,Veronica,1188.0,0.44,45.0,F,2006.0
22,Mario,1248.0,0.44,45.0,M,2006.0
47,Daniel,1192.0,0.42,46.0,M,2006.0
73,Miriam,1148.0,0.43,47.0,F,2006.0
98,Angela,1132.0,0.42,47.0,F,2006.0
23,Raffaele,1152.0,0.41,47.0,M,2006.0
48,Giulio,1150.0,0.4,48.0,M,2006.0
99,Michela,1131.0,0.42,49.0,F,2006.0
24,Giorgio,1111.0,0.39,49.0,M,2006.0
74,Viola,1132.0,0.42,49.0,F,2006.0
12,Cristian,3028.0,1.07,25.0,M,2006.0
97,Margherita,1176.0,0.44,45.0,F,2006.0
19,Fabio,1633.0,0.57,39.0,M,2006.0
49,Niccolo,1086.0,0.38,50.0,M,2006.0
93,Nicole,1524.0,0.57,37.0,F,2006.0
43,Luigi,1685.0,0.59,38.0,M,2006.0
13,Emanuele,2789.0,0.98,27.0,M,2006.0
88,Angelica,2065.0,0.77,27.0,F,2006.0
38,Edoardo,2727.0,0.96,28.0,M,2006.0
64,Maria,1933.0,0.72,29.0,F,2006.0
14,Nicolo,2662.0,0.94,29.0,M,2006.0
89,Marta,1859.0,0.69,29.0,F,2006.0
39,Manuel,2280.0,0.8,30.0,M,2006.0
90,Vittoria,1812.0,0.68,31.0,F,2006.0
65,Benedetta,1839.0,0.69,31.0,F,2006.0
15,Giacomo,2221.0,0.78,31.0,M,2006.0
63,Matilde,2077.0,0.78,27.0,F,2006.0
91,Laura,1774.0,0.66,33.0,F,2006.0
40,Salvatore,2202.0,0.77,32.0,M,2006.0
18,Jacopo,1930.0,0.68,37.0,M,2006.0
42,Nicola,2069.0,0.73,36.0,M,2006.0
17,Diego,2124.0,0.75,35.0,M,2006.0
68,Camilla,1579.0,0.59,37.0,F,2006.0
67,Ludovica,1734.0,0.65,35.0,F,2006.0
41,Stefano,2145.0,0.75,34.0,M,2006.0
16,Vincenzo,2171.0,0.76,33.0,M,2006.0
66,Greta,1796.0,0.67,33.0,F,2006.0
92,Irene,1627.0,0.61,35.0,F,2006.0
33,Filippo,3909.0,1.37,18.0,M,2007.0
82,Matilde,2848.0,1.06,15.0,F,2007.0
57,Gaia,2954.0,1.1,15.0,F,2007.0
7,Tommaso,4372.0,1.53,15.0,M,2007.0
32,Antonio,4179.0,1.46,16.0,M,2007.0
8,Leonardo,4075.0,1.43,17.0,M,2007.0
58,Elena,2731.0,1.01,17.0,F,2007.0
83,Beatrice,2697.0,1.0,17.0,F,2007.0
31,Giuseppe,4375.0,1.53,14.0,M,2007.0
10,Giovanni,3697.0,1.29,21.0,M,2007.0
84,Federica,2651.0,0.98,19.0,F,2007.0
34,Christian,3759.0,1.31,20.0,M,2007.0
56,Anna,3770.0,1.4,13.0,F,2007.0
85,Arianna,2308.0,0.86,21.0,F,2007.0
60,Noemi,2532.0,0.94,21.0,F,2007.0
35,Cristian,3499.0,1.22,22.0,M,2007.0
11,Samuele,3158.0,1.1,23.0,M,2007.0
86,Rebecca,2196.0,0.81,23.0,F,2007.0
61,Ilaria,2220.0,0.82,23.0,F,2007.0
36,Daniele,3001.0,1.05,24.0,M,2007.0
9,Alessio,3838.0,1.34,19.0,M,2007.0
81,Emma,2992.0,1.11,13.0,F,2007.0
5,Simone,5012.0,1.75,11.0,M,2007.0
30,Marco,4869.0,1.7,12.0,M,2007.0
0,Francesco,10048.0,3.51,1.0,M,2007.0
50,Giulia,9671.0,3.59,1.0,F,2007.0
75,Sofia,8424.0,3.12,1.0,F,2007.0
25,Alessandro,9319.0,3.26,2.0,M,2007.0
76,Sara,7264.0,2.69,3.0,F,2007.0
51,Martina,7733.0,2.87,3.0,F,2007.0
1,Andrea,8353.0,2.92,3.0,M,2007.0
26,Matteo,8163.0,2.86,4.0,M,2007.0
77,Aurora,5436.0,2.02,5.0,F,2007.0
2,Lorenzo,7891.0,2.76,5.0,M,2007.0
6,Federico,4576.0,1.6,13.0,M,2007.0
52,Chiara,6243.0,2.32,5.0,F,2007.0
78,Alessia,5222.0,1.94,7.0,F,2007.0
87,Marta,2038.0,0.76,25.0,F,2007.0
53,Giorgia,5288.0,1.96,7.0,F,2007.0
28,Luca,5688.0,1.99,8.0,M,2007.0
54,Francesca,4679.0,1.74,9.0,F,2007.0
79,Alice,4084.0,1.51,9.0,F,2007.0
4,Davide,5666.0,1.98,9.0,M,2007.0
29,Riccardo,5592.0,1.96,10.0,M,2007.0
80,Giada,3809.0,1.41,11.0,F,2007.0
55,Elisa,3812.0,1.41,11.0,F,2007.0
27,Gabriele,6149.0,2.15,6.0,M,2007.0
3,Mattia,6013.0,2.1,7.0,M,2007.0
59,Asia,2662.0,0.99,19.0,F,2007.0
37,Michele,2845.0,1.0,26.0,M,2007.0
44,Fabio,1479.0,0.52,40.0,M,2007.0
95,Silvia,1382.0,0.51,41.0,F,2007.0
70,Viola,1421.0,0.53,41.0,F,2007.0
20,Alberto,1327.0,0.46,41.0,M,2007.0
45,Angelo,1312.0,0.46,42.0,M,2007.0
71,Serena,1357.0,0.5,43.0,F,2007.0
21,Daniel,1300.0,0.45,43.0,M,2007.0
96,Claudia,1256.0,0.47,43.0,F,2007.0
46,Thomas,1247.0,0.44,44.0,M,2007.0
72,Caterina,1246.0,0.46,45.0,F,2007.0
69,Benedetta,1545.0,0.57,39.0,F,2007.0
97,Veronica,1167.0,0.43,45.0,F,2007.0
47,Giorgio,1221.0,0.43,46.0,M,2007.0
73,Miriam,1152.0,0.43,47.0,F,2007.0
98,Lucia,1145.0,0.42,47.0,F,2007.0
23,Domenico,1209.0,0.42,47.0,M,2007.0
48,Raffaele,1161.0,0.41,48.0,M,2007.0
99,Margherita,1134.0,0.42,49.0,F,2007.0
24,Mario,1104.0,0.39,49.0,M,2007.0
74,Carlotta,1144.0,0.42,49.0,F,2007.0
49,Niccolo,1085.0,0.38,50.0,M,2007.0
12,Pietro,2932.0,1.03,25.0,M,2007.0
22,Giulio,1227.0,0.43,45.0,M,2007.0
94,Ginevra,1479.0,0.55,39.0,F,2007.0
62,Valentina,2153.0,0.8,25.0,F,2007.0
43,Luigi,1682.0,0.59,38.0,M,2007.0
19,Paolo,1482.0,0.52,39.0,M,2007.0
13,Nicolo,2787.0,0.97,27.0,M,2007.0
88,Alessandra,1999.0,0.74,27.0,F,2007.0
38,Emanuele,2678.0,0.94,28.0,M,2007.0
64,Nicole,1971.0,0.73,29.0,F,2007.0
14,Edoardo,2665.0,0.93,29.0,M,2007.0
89,Angelica,1948.0,0.72,29.0,F,2007.0
39,Giacomo,2379.0,0.83,30.0,M,2007.0
90,Greta,1851.0,0.69,31.0,F,2007.0
65,Eleonora,1882.0,0.7,31.0,F,2007.0
15,Manuel,2311.0,0.81,31.0,M,2007.0
63,Vittoria,2000.0,0.74,27.0,F,2007.0
91,Ludovica,1822.0,0.68,33.0,F,2007.0
66,Maria,1828.0,0.68,33.0,F,2007.0
16,Stefano,2145.0,0.75,33.0,M,2007.0
41,Salvatore,2099.0,0.73,34.0,M,2007.0
67,Camilla,1754.0,0.65,35.0,F,2007.0
92,Melissa,1632.0,0.61,35.0,F,2007.0
17,Vincenzo,2053.0,0.72,35.0,M,2007.0
42,Nicola,2018.0,0.71,36.0,M,2007.0
18,Jacopo,1796.0,0.63,37.0,M,2007.0
68,Irene,1581.0,0.59,37.0,F,2007.0
93,Laura,1566.0,0.58,37.0,F,2007.0
40,Diego,2167.0,0.76,32.0,M,2007.0
91,Eleonora,1824.0,0.66,33.0,F,2008.0
66,Ginevra,1836.0,0.66,33.0,F,2008.0
16,Vincenzo,2043.0,0.7,33.0,M,2008.0
18,Jacopo,1937.0,0.66,37.0,M,2008.0
67,Maria,1824.0,0.66,35.0,F,2008.0
92,Melissa,1745.0,0.63,35.0,F,2008.0
17,Nicola,2020.0,0.69,35.0,M,2008.0
42,Stefano,1993.0,0.68,36.0,M,2008.0
41,Salvatore,2035.0,0.7,34.0,M,2008.0
40,Diego,2192.0,0.75,32.0,M,2008.0
14,Nicolo,2797.0,0.96,29.0,M,2008.0
65,Viola,1915.0,0.69,31.0,F,2008.0
90,Alessandra,1868.0,0.67,31.0,F,2008.0
39,Giacomo,2328.0,0.8,30.0,M,2008.0
89,Nicole,2002.0,0.72,29.0,F,2008.0
64,Marta,2023.0,0.73,29.0,F,2008.0
38,Edoardo,2799.0,0.96,28.0,M,2008.0
88,Valentina,2030.0,0.73,27.0,F,2008.0
13,Michele,2846.0,0.97,27.0,M,2008.0
63,Ludovica,2080.0,0.75,27.0,F,2008.0
68,Serena,1699.0,0.61,37.0,F,2008.0
37,Emanuele,2987.0,1.02,26.0,M,2008.0
15,Manuel,2245.0,0.77,31.0,M,2008.0
93,Camilla,1667.0,0.6,37.0,F,2008.0
96,Caterina,1329.0,0.48,43.0,F,2008.0
19,Luigi,1608.0,0.55,39.0,M,2008.0
12,Pietro,3047.0,1.04,25.0,M,2008.0
74,Lucia,1148.0,0.41,49.0,F,2008.0
24,Raffaele,1159.0,0.4,49.0,M,2008.0
99,Claudia,1147.0,0.41,49.0,F,2008.0
48,Giorgio,1214.0,0.41,48.0,M,2008.0
23,Gabriel,1253.0,0.43,47.0,M,2008.0
98,Veronica,1167.0,0.42,47.0,F,2008.0
73,Margherita,1187.0,0.43,47.0,F,2008.0
47,Alberto,1286.0,0.44,46.0,M,2008.0
22,Domenico,1292.0,0.44,45.0,M,2008.0
43,Thomas,1677.0,0.57,38.0,M,2008.0
97,Miriam,1297.0,0.47,45.0,F,2008.0
46,Giulio,1298.0,0.44,44.0,M,2008.0
21,Angelo,1329.0,0.45,43.0,M,2008.0
71,Carlotta,1335.0,0.48,43.0,F,2008.0
45,Daniel,1348.0,0.46,42.0,M,2008.0
20,Paolo,1428.0,0.49,41.0,M,2008.0
70,Laura,1548.0,0.56,41.0,F,2008.0
95,Benedetta,1528.0,0.55,41.0,F,2008.0
44,Fabio,1431.0,0.49,40.0,M,2008.0
69,Angelica,1622.0,0.58,39.0,F,2008.0
94,Irene,1577.0,0.57,39.0,F,2008.0
72,Silvia,1301.0,0.47,45.0,F,2008.0
49,Mario,1150.0,0.39,50.0,M,2008.0
62,Ilaria,2186.0,0.79,25.0,F,2008.0
36,Daniele,3085.0,1.05,24.0,M,2008.0
5,Marco,4785.0,1.63,11.0,M,2008.0
29,Luca,5334.0,1.82,10.0,M,2008.0
4,Davide,5584.0,1.91,9.0,M,2008.0
79,Alice,4324.0,1.56,9.0,F,2008.0
54,Francesca,4379.0,1.58,9.0,F,2008.0
28,Riccardo,5927.0,2.02,8.0,M,2008.0
53,Aurora,5088.0,1.83,7.0,F,2008.0
3,Mattia,6522.0,2.23,7.0,M,2008.0
78,Alessia,4996.0,1.8,7.0,F,2008.0
27,Gabriele,7090.0,2.42,6.0,M,2008.0
52,Chiara,6458.0,2.33,5.0,F,2008.0
2,Lorenzo,7704.0,2.63,5.0,M,2008.0
77,Giorgia,5770.0,2.08,5.0,F,2008.0
26,Matteo,8461.0,2.89,4.0,M,2008.0
1,Andrea,8597.0,2.94,3.0,M,2008.0
51,Martina,7327.0,2.64,3.0,F,2008.0
76,Sara,7119.0,2.57,3.0,F,2008.0
25,Alessandro,9247.0,3.16,2.0,M,2008.0
75,Sofia,8973.0,3.23,1.0,F,2008.0
50,Giulia,9624.0,3.47,1.0,F,2008.0
0,Francesco,10156.0,3.47,1.0,M,2008.0
80,Elisa,3617.0,1.3,11.0,F,2008.0
55,Anna,3850.0,1.39,11.0,F,2008.0
87,Vittoria,2082.0,0.75,25.0,F,2008.0
6,Leonardo,4478.0,1.53,13.0,M,2008.0
61,Asia,2251.0,0.81,23.0,F,2008.0
86,Greta,2229.0,0.8,23.0,F,2008.0
11,Samuele,3228.0,1.1,23.0,M,2008.0
35,Cristian,3242.0,1.11,22.0,M,2008.0
60,Federica,2339.0,0.84,21.0,F,2008.0
85,Arianna,2326.0,0.84,21.0,F,2008.0
30,Simone,4514.0,1.54,12.0,M,2008.0
34,Alessio,3586.0,1.23,20.0,M,2008.0
84,Rebecca,2366.0,0.85,19.0,F,2008.0
9,Christian,3749.0,1.28,19.0,M,2008.0
59,Noemi,2581.0,0.93,19.0,F,2008.0
10,Filippo,3498.0,1.2,21.0,M,2008.0
83,Beatrice,2784.0,1.0,17.0,F,2008.0
58,Elena,2944.0,1.06,17.0,F,2008.0
8,Antonio,4106.0,1.4,17.0,M,2008.0
32,Tommaso,4337.0,1.48,16.0,M,2008.0
7,Federico,4382.0,1.5,15.0,M,2008.0
57,Matilde,3052.0,1.1,15.0,F,2008.0
82,Gaia,3042.0,1.1,15.0,F,2008.0
31,Giuseppe,4437.0,1.52,14.0,M,2008.0
56,Giada,3484.0,1.26,13.0,F,2008.0
81,Emma,3166.0,1.14,13.0,F,2008.0
33,Giovanni,3799.0,1.3,18.0,M,2008.0
57,Antonio,3760.0,1.33,16.0,M,2009.0
158,Greta,2871.0,1.08,17.0,F,2009.0
108,Gaia,2887.0,1.08,17.0,F,2009.0
8,Simone,3727.0,1.32,17.0,M,2009.0
83,Samuele,3442.0,1.26,18.0,M,2009.0
133,Elisa,2809.0,1.09,17.0,F,2009.0
183,Matilde,2801.0,1.09,17.0,F,2009.0
58,Giovanni,3548.0,1.25,18.0,M,2009.0
33,Simone,3506.0,1.28,17.0,M,2009.0
82,Antonio,3656.0,1.34,16.0,M,2009.0
181,Noemi,2990.0,1.16,13.0,F,2009.0
182,Greta,2861.0,1.11,15.0,F,2009.0
32,Tommaso,3786.0,1.39,15.0,M,2009.0
157,Giada,3058.0,1.15,15.0,F,2009.0
132,Viola,2866.0,1.11,15.0,F,2009.0
107,Matilde,3070.0,1.15,15.0,F,2009.0
56,Giuseppe,4093.0,1.45,14.0,M,2009.0
81,Marco,3798.0,1.39,14.0,M,2009.0
6,Marco,4233.0,1.5,13.0,M,2009.0
156,Elisa,3223.0,1.21,13.0,F,2009.0
34,Giovanni,3322.0,1.22,19.0,M,2009.0
7,Tommaso,3839.0,1.36,15.0,M,2009.0
109,Elena,2655.0,1.0,19.0,F,2009.0
135,Ginevra,2463.0,0.96,21.0,F,2009.0
159,Beatrice,2631.0,0.99,19.0,F,2009.0
106,Noemi,3264.0,1.22,13.0,F,2009.0
112,Ginevra,2156.0,0.81,25.0,F,2009.0
61,Pietro,3075.0,1.09,24.0,M,2009.0
86,Edoardo,2871.0,1.05,24.0,M,2009.0
186,Nicole,2153.0,0.84,23.0,F,2009.0
161,Arianna,2191.0,0.82,23.0,F,2009.0
36,Alessio,2948.0,1.08,23.0,M,2009.0
11,Diego,3084.0,1.09,23.0,M,2009.0
111,Nicole,2216.0,0.83,23.0,F,2009.0
136,Vittoria,2203.0,0.85,23.0,F,2009.0
85,Nicolo',2956.0,1.08,22.0,M,2009.0
60,Alessio,3111.0,1.1,22.0,M,2009.0
35,Christian,3116.0,1.14,21.0,M,2009.0
160,Rebecca,2417.0,0.91,21.0,F,2009.0
10,Nicolo,3196.0,1.13,21.0,M,2009.0
110,Viola,2444.0,0.92,21.0,F,2009.0
185,Beatrice,2446.0,0.95,21.0,F,2009.0
84,Pietro,3269.0,1.2,20.0,M,2009.0
59,Christian,3214.0,1.14,20.0,M,2009.0
134,Giada,2610.0,1.01,19.0,F,2009.0
9,Samuele,3444.0,1.22,19.0,M,2009.0
184,Elena,2547.0,0.99,19.0,F,2009.0
131,Francesca,3349.0,1.3,13.0,F,2009.0
3,Gabriele,6710.0,2.37,7.0,M,2009.0
55,Luca,4445.0,1.57,12.0,M,2009.0
177,Emma,4759.0,1.85,5.0,F,2009.0
27,Matteo,7290.0,2.67,5.0,M,2009.0
127,Sara,4964.0,1.93,5.0,F,2009.0
102,Giorgia,5728.0,2.15,5.0,F,2009.0
152,Chiara,4993.0,1.87,5.0,F,2009.0
51,Lorenzo,7746.0,2.74,4.0,M,2009.0
76,Lorenzo,7752.0,2.84,4.0,M,2009.0
1,Andrea,8023.0,2.84,3.0,M,2009.0
176,Giorgia,5231.0,2.03,3.0,F,2009.0
26,Andrea,8058.0,2.95,3.0,M,2009.0
151,Martina,5965.0,2.24,3.0,F,2009.0
126,Martina,5692.0,2.21,3.0,F,2009.0
101,Sara,6102.0,2.29,3.0,F,2009.0
50,Alessandro,8462.0,2.99,2.0,M,2009.0
75,Alessandro,8084.0,2.96,2.0,M,2009.0
125,Sofia,8531.0,3.31,1.0,F,2009.0
100,Sofia,8922.0,3.34,1.0,F,2009.0
150,Giulia,8550.0,3.2,1.0,F,2009.0
175,Giulia,8328.0,3.23,1.0,F,2009.0
25,Francesco,8505.0,3.12,1.0,M,2009.0
0,Francesco,8949.0,3.16,1.0,M,2009.0
2,Matteo,7269.0,2.57,5.0,M,2009.0
52,Mattia,6743.0,2.38,6.0,M,2009.0
77,Gabriele,6451.0,2.36,6.0,M,2009.0
162,Vittoria,2118.0,0.79,25.0,F,2009.0
80,Luca,3957.0,1.45,12.0,M,2009.0
5,Federico,4472.0,1.58,11.0,M,2009.0
130,Gaia,3477.0,1.35,11.0,F,2009.0
180,Anna,3425.0,1.33,11.0,F,2009.0
30,Federico,3958.0,1.45,11.0,M,2009.0
155,Francesca,3436.0,1.29,11.0,F,2009.0
105,Anna,3635.0,1.36,11.0,F,2009.0
79,Riccardo,4957.0,1.82,10.0,M,2009.0
54,Leonardo,5195.0,1.84,10.0,M,2009.0
4,Davide,5270.0,1.86,9.0,M,2009.0
31,Giuseppe,3833.0,1.4,13.0,M,2009.0
29,Davide,5014.0,1.84,9.0,M,2009.0
179,Alessia,3805.0,1.48,9.0,F,2009.0
104,Emma,4154.0,1.56,9.0,F,2009.0
154,Alessia,4104.0,1.54,9.0,F,2009.0
53,Riccardo,5422.0,1.92,8.0,M,2009.0
78,Leonardo,5702.0,2.09,8.0,M,2009.0
103,Aurora,4955.0,1.86,7.0,F,2009.0
128,Aurora,4714.0,1.83,7.0,F,2009.0
28,Mattia,6382.0,2.34,7.0,M,2009.0
153,Alice,4355.0,1.63,7.0,F,2009.0
178,Chiara,4257.0,1.65,7.0,F,2009.0
129,Alice,4202.0,1.63,9.0,F,2009.0
187,Rebecca,2126.0,0.82,25.0,F,2009.0
137,Arianna,2139.0,0.83,25.0,F,2009.0
37,Diego,2845.0,1.04,25.0,M,2009.0
196,Margherita,1221.0,0.47,43.0,F,2009.0
21,Paolo,1305.0,0.46,43.0,M,2009.0
121,Laura,1331.0,0.5,43.0,F,2009.0
146,Carlotta,1240.0,0.48,43.0,F,2009.0
46,Paolo,1281.0,0.47,43.0,M,2009.0
70,Alberto,1407.0,0.5,42.0,M,2009.0
95,Samuel,1347.0,0.49,42.0,M,2009.0
45,Luigi,1401.0,0.51,41.0,M,2009.0
195,Valentina,1348.0,0.52,41.0,F,2009.0
120,Angelica,1500.0,0.56,41.0,F,2009.0
20,Thomas,1448.0,0.51,41.0,M,2009.0
170,Miriam,1342.0,0.5,41.0,F,2009.0
145,Miriam,1387.0,0.54,41.0,F,2009.0
69,Giulio,1465.0,0.52,40.0,M,2009.0
94,Giulio,1428.0,0.52,40.0,M,2009.0
44,Thomas,1441.0,0.53,39.0,M,2009.0
19,Luigi,1526.0,0.54,39.0,M,2009.0
144,Irene,1438.0,0.56,39.0,F,2009.0
169,Melissa,1543.0,0.58,39.0,F,2009.0
194,Alessandra,1431.0,0.56,39.0,F,2009.0
119,Irene,1564.0,0.59,39.0,F,2009.0
171,Caterina,1204.0,0.45,43.0,F,2009.0
96,Angelo,1205.0,0.44,44.0,M,2009.0
172,Margherita,1105.0,0.41,45.0,F,2009.0
122,Carlotta,1196.0,0.45,45.0,F,2009.0
99,Gioele,1065.0,0.39,50.0,M,2009.0
74,Mario,1128.0,0.4,50.0,M,2009.0
174,Anita,942.0,0.35,49.0,F,2009.0
24,Samuel,1194.0,0.42,49.0,M,2009.0
49,Raffaele,1087.0,0.4,49.0,M,2009.0
124,Claudia,961.0,0.36,49.0,F,2009.0
149,Lucia,975.0,0.38,49.0,F,2009.0
199,Rachele,859.0,0.33,49.0,F,2009.0
73,Niccolo,1194.0,0.42,48.0,M,2009.0
98,Giorgio,1150.0,0.42,48.0,M,2009.0
93,Stefano,1600.0,0.59,38.0,M,2009.0
123,Lucia,1046.0,0.39,47.0,F,2009.0
173,Veronica,993.0,0.37,47.0,F,2009.0
148,Bianca,1138.0,0.44,47.0,F,2009.0
48,Domenico,1158.0,0.42,47.0,M,2009.0
198,Anita,998.0,0.39,47.0,F,2009.0
97,Daniel,1187.0,0.43,46.0,M,2009.0
72,Domenico,1210.0,0.43,46.0,M,2009.0
147,Caterina,1220.0,0.47,45.0,F,2009.0
197,Laura,1157.0,0.45,45.0,F,2009.0
47,Alberto,1196.0,0.44,45.0,M,2009.0
22,Daniel,1278.0,0.45,45.0,M,2009.0
23,Angelo,1199.0,0.42,47.0,M,2009.0
68,Gabriel,1722.0,0.61,38.0,M,2009.0
71,Giorgio,1301.0,0.46,44.0,M,2009.0
118,Eleonora,1603.0,0.6,37.0,F,2009.0
140,Ludovica,1797.0,0.7,31.0,F,2009.0
40,Giacomo,2105.0,0.77,31.0,M,2009.0
165,Maria,1754.0,0.66,31.0,F,2009.0
89,Cristian,2223.0,0.81,30.0,M,2009.0
64,Michele,2570.0,0.91,30.0,M,2009.0
164,Marta,1815.0,0.68,29.0,F,2009.0
114,Federica,1833.0,0.69,29.0,F,2009.0
39,Michele,2327.0,0.85,29.0,M,2009.0
14,Emanuele,2583.0,0.91,29.0,M,2009.0
189,Ilaria,1797.0,0.7,29.0,F,2009.0
190,Camilla,1658.0,0.64,31.0,F,2009.0
139,Asia,1911.0,0.74,29.0,F,2009.0
88,Daniele,2404.0,0.88,28.0,M,2009.0
38,Emanuele,2523.0,0.92,27.0,M,2009.0
138,Marta,2045.0,0.79,27.0,F,2009.0
188,Angelica,1966.0,0.76,27.0,F,2009.0
163,Ilaria,1876.0,0.7,27.0,F,2009.0
13,Cristian,2797.0,0.99,27.0,M,2009.0
113,Asia,2094.0,0.78,27.0,F,2009.0
87,Filippo,2827.0,1.04,26.0,M,2009.0
62,Edoardo,2816.0,1.0,26.0,M,2009.0
18,Stefano,1760.0,0.62,37.0,M,2009.0
63,Daniele,2718.0,0.96,28.0,M,2009.0
115,Ludovica,1788.0,0.67,31.0,F,2009.0
12,Filippo,3058.0,1.08,25.0,M,2009.0
42,Vincenzo,1802.0,0.66,35.0,M,2009.0
143,Benedetta,1453.0,0.56,37.0,F,2009.0
43,Nicola,1683.0,0.62,37.0,M,2009.0
168,Valentina,1576.0,0.59,37.0,F,2009.0
193,Melissa,1449.0,0.56,37.0,F,2009.0
92,Gabriel,1767.0,0.65,36.0,M,2009.0
67,Nicola,1767.0,0.62,36.0,M,2009.0
15,Giacomo,2346.0,0.83,31.0,M,2009.0
142,Eleonora,1534.0,0.6,35.0,F,2009.0
117,Alessandra,1666.0,0.62,35.0,F,2009.0
17,Jacopo,1790.0,0.63,35.0,M,2009.0
192,Serena,1493.0,0.58,35.0,F,2009.0
91,Salvatore,1811.0,0.66,34.0,M,2009.0
66,Vincenzo,1835.0,0.65,34.0,M,2009.0
41,Manuel,1835.0,0.67,33.0,M,2009.0
116,Serena,1744.0,0.65,33.0,F,2009.0
16,Manuel,1892.0,0.67,33.0,M,2009.0
191,Federica,1571.0,0.61,33.0,F,2009.0
141,Maria,1648.0,0.64,33.0,F,2009.0
166,Camilla,1738.0,0.65,33.0,F,2009.0
90,Jacopo,1925.0,0.71,32.0,M,2009.0
65,Salvatore,1934.0,0.68,32.0,M,2009.0
167,Benedetta,1651.0,0.62,35.0,F,2009.0
8,Simone,3351.0,1.25,17.0,M,2012.0
83,Matilde,2657.0,1.05,17.0,F,2012.0
58,Ginevra,2742.0,1.08,17.0,F,2012.0
32,Antonio,3453.0,1.29,16.0,M,2012.0
36,Diego,2850.0,1.06,24.0,M,2012.0
57,Greta,2902.0,1.14,15.0,F,2012.0
82,Francesca,2829.0,1.12,15.0,F,2012.0
31,Luca,3735.0,1.39,14.0,M,2012.0
56,Viola,3071.0,1.21,13.0,F,2012.0
7,Federico,3690.0,1.38,15.0,M,2012.0
33,Samuele,3260.0,1.22,18.0,M,2012.0
61,Elena,2336.0,0.92,23.0,F,2012.0
9,Pietro,3245.0,1.21,19.0,M,2012.0
84,Vittoria,2393.0,0.94,19.0,F,2012.0
34,Giovanni,3202.0,1.19,20.0,M,2012.0
10,Filippo,3051.0,1.14,21.0,M,2012.0
85,Beatrice,2339.0,0.92,21.0,F,2012.0
60,Giada,2375.0,0.94,21.0,F,2012.0
35,Alessio,2981.0,1.11,22.0,M,2012.0
11,Edoardo,2969.0,1.11,23.0,M,2012.0
86,Rebecca,2134.0,0.84,23.0,F,2012.0
81,Noemi,2938.0,1.16,13.0,F,2012.0
59,Elisa,2520.0,0.99,19.0,F,2012.0
6,Marco,3739.0,1.39,13.0,M,2012.0
78,Chiara,4431.0,1.75,7.0,F,2012.0
55,Anna,3286.0,1.3,11.0,F,2012.0
0,Francesco,7978.0,2.97,1.0,M,2012.0
50,Sofia,8266.0,3.26,1.0,F,2012.0
75,Giulia,8194.0,3.23,1.0,F,2012.0
25,Alessandro,7925.0,2.95,2.0,M,2012.0
76,Martina,5157.0,2.03,3.0,F,2012.0
51,Giorgia,5326.0,2.1,3.0,F,2012.0
1,Andrea,7674.0,2.86,3.0,M,2012.0
26,Lorenzo,7281.0,2.71,4.0,M,2012.0
77,Aurora,4867.0,1.92,5.0,F,2012.0
2,Matteo,6750.0,2.52,5.0,M,2012.0
52,Emma,4971.0,1.96,5.0,F,2012.0
27,Mattia,6634.0,2.47,6.0,M,2012.0
3,Gabriele,6236.0,2.32,7.0,M,2012.0
53,Sara,4456.0,1.76,7.0,F,2012.0
28,Leonardo,5455.0,2.03,8.0,M,2012.0
54,Gaia,4198.0,1.66,9.0,F,2012.0
79,Alice,3840.0,1.51,9.0,F,2012.0
4,Riccardo,5075.0,1.89,9.0,M,2012.0
29,Davide,4623.0,1.72,10.0,M,2012.0
5,Tommaso,3941.0,1.47,11.0,M,2012.0
80,Alessia,3263.0,1.29,11.0,F,2012.0
30,Giuseppe,3762.0,1.4,12.0,M,2012.0
87,Arianna,2064.0,0.81,25.0,F,2012.0
49,Mario,1095.0,0.41,50.0,M,2012.0
12,Christian,2837.0,1.06,25.0,M,2012.0
94,Federica,1311.0,0.52,39.0,F,2012.0
69,Bianca,1347.0,0.53,39.0,F,2012.0
44,Giulio,1415.0,0.53,40.0,M,2012.0
95,Irene,1262.0,0.5,41.0,F,2012.0
70,Valentina,1300.0,0.51,41.0,F,2012.0
20,Luigi,1316.0,0.49,41.0,M,2012.0
45,Daniel,1311.0,0.49,42.0,M,2012.0
71,Alessandra,1209.0,0.48,43.0,F,2012.0
21,Samuel,1238.0,0.46,43.0,M,2012.0
96,Margherita,1147.0,0.45,43.0,F,2012.0
19,Thomas,1429.0,0.53,39.0,M,2012.0
46,Giorgio,1206.0,0.45,44.0,M,2012.0
97,Carlotta,1129.0,0.45,45.0,F,2012.0
22,Gioele,1183.0,0.44,45.0,M,2012.0
47,Paolo,1179.0,0.44,46.0,M,2012.0
73,Laura,1105.0,0.44,47.0,F,2012.0
98,Adele,1075.0,0.42,47.0,F,2012.0
23,Angelo,1129.0,0.42,47.0,M,2012.0
48,Domenico,1121.0,0.42,48.0,M,2012.0
99,Mia,1046.0,0.41,49.0,F,2012.0
24,Alberto,1096.0,0.41,49.0,M,2012.0
74,Anita,1064.0,0.42,49.0,F,2012.0
72,Caterina,1144.0,0.45,45.0,F,2012.0
43,Stefano,1498.0,0.56,38.0,M,2012.0
62,Nicole,2098.0,0.83,25.0,F,2012.0
68,Eleonora,1383.0,0.55,37.0,F,2012.0
93,Miriam,1379.0,0.54,37.0,F,2012.0
37,Nicolo',2671.0,1.0,26.0,M,2012.0
63,Melissa,1962.0,0.77,27.0,F,2012.0
13,Gabriel,2411.0,0.9,27.0,M,2012.0
88,Ludovica,1808.0,0.71,27.0,F,2012.0
38,Emanuele,2380.0,0.89,28.0,M,2012.0
64,Marta,1767.0,0.7,29.0,F,2012.0
89,Angelica,1741.0,0.69,29.0,F,2012.0
39,Michele,2294.0,0.85,30.0,M,2012.0
90,Asia,1685.0,0.66,31.0,F,2012.0
65,Camilla,1717.0,0.68,31.0,F,2012.0
14,Cristian,2318.0,0.86,29.0,M,2012.0
40,Giacomo,1977.0,0.74,32.0,M,2012.0
91,Serena,1502.0,0.59,33.0,F,2012.0
66,Maria,1637.0,0.65,33.0,F,2012.0
18,Nicola,1527.0,0.57,37.0,M,2012.0
16,Jacopo,1972.0,0.73,33.0,M,2012.0
41,Manuel,1793.0,0.67,34.0,M,2012.0
67,Ilaria,1415.0,0.56,35.0,F,2012.0
92,Benedetta,1387.0,0.55,35.0,F,2012.0
17,Vincenzo,1777.0,0.66,35.0,M,2012.0
42,Salvatore,1763.0,0.66,36.0,M,2012.0
15,Daniele,2240.0,0.83,31.0,M,2012.0
83,Matilde,2711.0,1.12,17.0,F,2013.0
58,Noemi,2776.0,1.15,17.0,F,2013.0
8,Luca,3191.0,1.25,17.0,M,2013.0
31,Federico,3350.0,1.31,14.0,M,2013.0
7,Marco,3310.0,1.29,15.0,M,2013.0
57,Alessia,2925.0,1.21,15.0,F,2013.0
82,Viola,2854.0,1.18,15.0,F,2013.0
33,Giovanni,3155.0,1.23,18.0,M,2013.0
32,Samuele,3197.0,1.25,16.0,M,2013.0
59,Vittoria,2528.0,1.04,19.0,F,2013.0
36,Nicolo',2629.0,1.03,24.0,M,2013.0
84,Beatrice,2389.0,0.99,19.0,F,2013.0
34,Diego,2923.0,1.14,20.0,M,2013.0
10,Simone,2888.0,1.13,21.0,M,2013.0
85,Giada,2135.0,0.88,21.0,F,2013.0
60,Elisa,2158.0,0.89,21.0,F,2013.0
35,Edoardo,2873.0,1.12,22.0,M,2013.0
11,Christian,2862.0,1.12,23.0,M,2013.0
86,Elena,2111.0,0.87,23.0,F,2013.0
61,Nicole,2118.0,0.87,23.0,F,2013.0
56,Anna,3119.0,1.29,13.0,F,2013.0
9,Pietro,2960.0,1.16,19.0,M,2013.0
81,Ginevra,2941.0,1.21,13.0,F,2013.0
3,Gabriele,5799.0,2.27,7.0,M,2013.0
30,Giuseppe,3683.0,1.44,12.0,M,2013.0
87,Rebecca,2092.0,0.86,25.0,F,2013.0
50,Sofia,7987.0,3.3,1.0,F,2013.0
75,Giulia,7313.0,3.02,1.0,F,2013.0
25,Alessandro,7235.0,2.83,2.0,M,2013.0
76,Emma,4538.0,1.87,3.0,F,2013.0
51,Aurora,4772.0,1.97,3.0,F,2013.0
1,Andrea,6777.0,2.65,3.0,M,2013.0
26,Lorenzo,6747.0,2.64,4.0,M,2013.0
77,Martina,4472.0,1.85,5.0,F,2013.0
2,Mattia,6289.0,2.46,5.0,M,2013.0
6,Antonio,3387.0,1.32,13.0,M,2013.0
52,Giorgia,4536.0,1.87,5.0,F,2013.0
78,Sara,3890.0,1.61,7.0,F,2013.0
53,Chiara,3908.0,1.61,7.0,F,2013.0
28,Leonardo,5496.0,2.15,8.0,M,2013.0
54,Alice,3661.0,1.51,9.0,F,2013.0
79,Gaia,3619.0,1.49,9.0,F,2013.0
4,Riccardo,4721.0,1.84,9.0,M,2013.0
29,Tommaso,4188.0,1.64,10.0,M,2013.0
5,Davide,4075.0,1.59,11.0,M,2013.0
80,Francesca,3243.0,1.34,11.0,F,2013.0
55,Greta,3365.0,1.39,11.0,F,2013.0
27,Matteo,5945.0,2.32,6.0,M,2013.0
0,Francesco,10553.0,4.12,1.0,M,2013.0
62,Arianna,2103.0,0.87,25.0,F,2013.0
37,Alessio,2414.0,0.94,26.0,M,2013.0
69,Ilaria,1320.0,0.54,39.0,F,2013.0
44,Nicola,1355.0,0.53,40.0,M,2013.0
95,Carlotta,1183.0,0.49,41.0,F,2013.0
70,Adele,1197.0,0.49,41.0,F,2013.0
20,Gioele,1320.0,0.52,41.0,M,2013.0
45,Luigi,1262.0,0.49,42.0,M,2013.0
71,Irene,1181.0,0.49,43.0,F,2013.0
21,Daniel,1230.0,0.48,43.0,M,2013.0
96,Alessandra,1108.0,0.46,43.0,F,2013.0
72,Caterina,1100.0,0.45,45.0,F,2013.0
94,Angelica,1312.0,0.54,39.0,F,2013.0
97,Valentina,1094.0,0.45,45.0,F,2013.0
47,Elia,1137.0,0.44,46.0,M,2013.0
73,Margherita,1081.0,0.45,47.0,F,2013.0
98,Federica,1014.0,0.42,47.0,F,2013.0
23,Angelo,1062.0,0.41,47.0,M,2013.0
48,Domenico,1059.0,0.41,48.0,M,2013.0
99,Laura,974.0,0.4,49.0,F,2013.0
24,Paolo,1045.0,0.41,49.0,M,2013.0
74,Anita,977.0,0.4,49.0,F,2013.0
49,Mario,1021.0,0.4,50.0,M,2013.0
12,Filippo,2619.0,1.02,25.0,M,2013.0
22,Samuel,1153.0,0.45,45.0,M,2013.0
19,Giulio,1360.0,0.53,39.0,M,2013.0
46,Giorgio,1221.0,0.48,44.0,M,2013.0
93,Miriam,1342.0,0.55,37.0,F,2013.0
43,Stefano,1509.0,0.59,38.0,M,2013.0
13,Emanuele,2182.0,0.85,27.0,M,2013.0
88,Melissa,1745.0,0.72,27.0,F,2013.0
38,Michele,2150.0,0.84,28.0,M,2013.0
64,Maria,1702.0,0.7,29.0,F,2013.0
14,Gabriel,2031.0,0.79,29.0,M,2013.0
89,Ludovica,1666.0,0.69,29.0,F,2013.0
39,Daniele,1990.0,0.78,30.0,M,2013.0
90,Asia,1531.0,0.63,31.0,F,2013.0
65,Camilla,1615.0,0.67,31.0,F,2013.0
15,Jacopo,1940.0,0.76,31.0,M,2013.0
63,Marta,1898.0,0.78,27.0,F,2013.0
91,Mia,1420.0,0.59,33.0,F,2013.0
40,Cristian,1926.0,0.75,32.0,M,2013.0
18,Thomas,1526.0,0.6,37.0,M,2013.0
42,Manuel,1638.0,0.64,36.0,M,2013.0
17,Vincenzo,1646.0,0.64,35.0,M,2013.0
92,Eleonora,1387.0,0.57,35.0,F,2013.0
68,Benedetta,1346.0,0.56,37.0,F,2013.0
41,Salvatore,1751.0,0.68,34.0,M,2013.0
16,Giacomo,1837.0,0.72,33.0,M,2013.0
66,Bianca,1455.0,0.6,33.0,F,2013.0
67,Serena,1395.0,0.58,35.0,F,2013.0
83,Vittoria,2556.0,1.06,17.0,F,2014.0
31,Federico,3294.0,1.29,14.0,M,2014.0
82,Alessia,2676.0,1.11,15.0,F,2014.0
57,Noemi,2848.0,1.19,15.0,F,2014.0
7,Edoardo,3290.0,1.29,15.0,M,2014.0
32,Marco,3116.0,1.22,16.0,M,2014.0
56,Francesca,3119.0,1.3,13.0,F,2014.0
8,Samuele,3095.0,1.22,17.0,M,2014.0
58,Matilde,2567.0,1.07,17.0,F,2014.0
33,Diego,3000.0,1.18,18.0,M,2014.0
85,Giada,2215.0,0.92,21.0,F,2014.0
9,Giovanni,2976.0,1.17,19.0,M,2014.0
84,Beatrice,2470.0,1.03,19.0,F,2014.0
34,Luca,2908.0,1.14,20.0,M,2014.0
10,Christian,2905.0,1.14,21.0,M,2014.0
60,Nicole,2276.0,0.95,21.0,F,2014.0
35,Pietro,2740.0,1.08,22.0,M,2014.0
11,Simone,2660.0,1.05,23.0,M,2014.0
86,Rebecca,2080.0,0.87,23.0,F,2014.0
61,Elisa,2125.0,0.89,23.0,F,2014.0
36,Nicolo',2579.0,1.01,24.0,M,2014.0
59,Viola,2529.0,1.05,19.0,F,2014.0
81,Ginevra,2930.0,1.22,13.0,F,2014.0
0,Francesco,10316.0,4.05,1.0,M,2014.0
30,Giuseppe,3610.0,1.42,12.0,M,2014.0
50,Sofia,7353.0,3.06,1.0,F,2014.0
75,Giulia,6729.0,2.8,1.0,F,2014.0
25,Alessandro,6940.0,2.73,2.0,M,2014.0
76,Giorgia,4502.0,1.88,3.0,F,2014.0
51,Aurora,5709.0,2.38,3.0,F,2014.0
1,Lorenzo,6665.0,2.62,3.0,M,2014.0
26,Andrea,6270.0,2.46,4.0,M,2014.0
77,Emma,3971.0,1.65,5.0,F,2014.0
2,Leonardo,6079.0,2.39,5.0,M,2014.0
52,Martina,4268.0,1.78,5.0,F,2014.0
6,Antonio,3370.0,1.32,13.0,M,2014.0
27,Mattia,6073.0,2.39,6.0,M,2014.0
3,Matteo,5754.0,2.26,7.0,M,2014.0
53,Greta,3926.0,1.64,7.0,F,2014.0
28,Gabriele,5557.0,2.18,8.0,M,2014.0
54,Sara,3766.0,1.57,9.0,F,2014.0
79,Alice,3589.0,1.49,9.0,F,2014.0
4,Riccardo,4533.0,1.78,9.0,M,2014.0
29,Tommaso,4488.0,1.76,10.0,M,2014.0
5,Davide,3817.0,1.5,11.0,M,2014.0
80,Anna,3267.0,1.36,11.0,F,2014.0
55,Gaia,3391.0,1.41,11.0,F,2014.0
78,Chiara,3902.0,1.63,7.0,F,2014.0
87,Arianna,2037.0,0.85,25.0,F,2014.0
68,Eleonora,1343.0,0.56,37.0,F,2014.0
12,Filippo,2453.0,0.96,25.0,M,2014.0
69,Serena,1282.0,0.53,39.0,F,2014.0
44,Giulio,1375.0,0.54,40.0,M,2014.0
95,Angelica,1144.0,0.48,41.0,F,2014.0
70,Irene,1165.0,0.49,41.0,F,2014.0
20,Samuel,1362.0,0.54,41.0,M,2014.0
45,Nicola,1325.0,0.52,42.0,M,2014.0
71,Ilaria,1130.0,0.47,43.0,F,2014.0
21,Giorgio,1300.0,0.51,43.0,M,2014.0
96,Carlotta,1124.0,0.47,43.0,F,2014.0
46,Luigi,1276.0,0.5,44.0,M,2014.0
94,Benedetta,1213.0,0.51,39.0,F,2014.0
72,Caterina,1047.0,0.44,45.0,F,2014.0
22,Daniel,1232.0,0.48,45.0,M,2014.0
47,Elia,1148.0,0.45,46.0,M,2014.0
73,Alessandra,1026.0,0.43,47.0,F,2014.0
98,Valentina,989.0,0.41,47.0,F,2014.0
23,Angelo,1083.0,0.43,47.0,M,2014.0
48,Domenico,1068.0,0.42,48.0,M,2014.0
99,Laura,968.0,0.4,49.0,F,2014.0
24,Paolo,1043.0,0.41,49.0,M,2014.0
74,Emily,968.0,0.4,49.0,F,2014.0
49,Raffaele,1002.0,0.39,50.0,M,2014.0
97,Margherita,1034.0,0.43,45.0,F,2014.0
19,Stefano,1420.0,0.56,39.0,M,2014.0
62,Elena,2059.0,0.86,25.0,F,2014.0
93,Miriam,1324.0,0.55,37.0,F,2014.0
43,Thomas,1442.0,0.57,38.0,M,2014.0
37,Alessio,2441.0,0.96,26.0,M,2014.0
63,Mia,1718.0,0.72,27.0,F,2014.0
13,Gabriel,2336.0,0.92,27.0,M,2014.0
88,Camilla,1700.0,0.71,27.0,F,2014.0
38,Michele,2224.0,0.87,28.0,M,2014.0
64,Ludovica,1693.0,0.71,29.0,F,2014.0
89,Maria,1687.0,0.7,29.0,F,2014.0
39,Jacopo,1915.0,0.75,30.0,M,2014.0
90,Melissa,1612.0,0.67,31.0,F,2014.0
65,Marta,1669.0,0.7,31.0,F,2014.0
14,Emanuele,2184.0,0.86,29.0,M,2014.0
40,Cristian,1758.0,0.69,32.0,M,2014.0
91,Gioia,1487.0,0.62,33.0,F,2014.0
66,Bianca,1539.0,0.64,33.0,F,2014.0
18,Gioele,1526.0,0.6,37.0,M,2014.0
16,Giacomo,1720.0,0.68,33.0,M,2014.0
41,Vincenzo,1699.0,0.67,34.0,M,2014.0
67,Asia,1476.0,0.61,35.0,F,2014.0
92,Adele,1374.0,0.57,35.0,F,2014.0
17,Salvatore,1658.0,0.65,35.0,M,2014.0
42,Manuel,1535.0,0.6,36.0,M,2014.0
15,Daniele,1874.0,0.74,31.0,M,2014.0
58,Nicole,2583.0,1.11,17.0,F,2015.0
8,Marco,2951.0,1.19,17.0,M,2015.0
32,Giovanni,2965.0,1.2,16.0,M,2015.0
56,Gaia,2889.0,1.24,13.0,F,2015.0
57,Noemi,2669.0,1.14,15.0,F,2015.0
82,Francesca,2585.0,1.11,15.0,F,2015.0
31,Antonio,3232.0,1.31,14.0,M,2015.0
83,Alessia,2454.0,1.05,17.0,F,2015.0
7,Federico,3210.0,1.3,15.0,M,2015.0
33,Diego,2899.0,1.17,18.0,M,2015.0
61,Giada,1993.0,0.85,23.0,F,2015.0
9,Samuele,2852.0,1.15,19.0,M,2015.0
84,Matilde,2395.0,1.03,19.0,F,2015.0
34,Pietro,2803.0,1.13,20.0,M,2015.0
10,Christian,2711.0,1.1,21.0,M,2015.0
85,Viola,2114.0,0.91,21.0,F,2015.0
60,Arianna,2166.0,0.93,21.0,F,2015.0
35,Nicolo',2638.0,1.07,22.0,M,2015.0
11,Luca,2589.0,1.05,23.0,M,2015.0
86,Rebecca,1945.0,0.83,23.0,F,2015.0
81,Beatrice,2674.0,1.15,13.0,F,2015.0
59,Vittoria,2431.0,1.04,19.0,F,2015.0
6,Edoardo,3406.0,1.38,13.0,M,2015.0
78,Greta,3676.0,1.58,7.0,F,2015.0
55,Sara,3205.0,1.37,11.0,F,2015.0
36,Simone,2473.0,1.0,24.0,M,2015.0
0,Francesco,8763.0,3.55,1.0,M,2015.0
50,Sofia,7191.0,3.08,1.0,F,2015.0
75,Aurora,6687.0,2.87,1.0,F,2015.0
25,Alessandro,6708.0,2.71,2.0,M,2015.0
76,Giorgia,4099.0,1.76,3.0,F,2015.0
51,Giulia,6222.0,2.67,3.0,F,2015.0
1,Mattia,6402.0,2.59,3.0,M,2015.0
26,Lorenzo,6389.0,2.59,4.0,M,2015.0
77,Martina,3743.0,1.61,5.0,F,2015.0
30,Giuseppe,3511.0,1.42,12.0,M,2015.0
2,Leonardo,6144.0,2.49,5.0,M,2015.0
27,Andrea,6047.0,2.45,6.0,M,2015.0
3,Gabriele,5469.0,2.21,7.0,M,2015.0
53,Emma,3690.0,1.58,7.0,F,2015.0
28,Matteo,4941.0,2.0,8.0,M,2015.0
54,Chiara,3516.0,1.51,9.0,F,2015.0
79,Anna,3322.0,1.42,9.0,F,2015.0
4,Tommaso,4386.0,1.77,9.0,M,2015.0
29,Riccardo,4351.0,1.76,10.0,M,2015.0
5,Davide,3528.0,1.43,11.0,M,2015.0
80,Ginevra,2940.0,1.26,11.0,F,2015.0
52,Alice,3845.0,1.65,5.0,F,2015.0
87,Elena,1881.0,0.81,25.0,F,2015.0
62,Camilla,1896.0,0.81,25.0,F,2015.0
12,Filippo,2404.0,0.97,25.0,M,2015.0
94,Benedetta,1144.0,0.49,39.0,F,2015.0
69,Irene,1154.0,0.49,39.0,F,2015.0
44,Samuel,1321.0,0.53,40.0,M,2015.0
95,Serena,1117.0,0.48,41.0,F,2015.0
70,Caterina,1120.0,0.48,41.0,F,2015.0
20,Daniel,1307.0,0.53,41.0,M,2015.0
45,Giorgio,1277.0,0.52,42.0,M,2015.0
71,Carlotta,1091.0,0.47,43.0,F,2015.0
21,Stefano,1275.0,0.52,43.0,M,2015.0
46,Elia,1262.0,0.51,44.0,M,2015.0
72,Margherita,1041.0,0.45,45.0,F,2015.0
97,Ilaria,1019.0,0.44,45.0,F,2015.0
22,Luigi,1244.0,0.5,45.0,M,2015.0
47,Nicola,1199.0,0.49,46.0,M,2015.0
73,Anita,1006.0,0.43,47.0,F,2015.0
98,Emily,972.0,0.42,47.0,F,2015.0
23,Angelo,1019.0,0.41,47.0,M,2015.0
48,Mario,1005.0,0.41,48.0,M,2015.0
99,Rachele,922.0,0.4,49.0,F,2015.0
24,Raffaele,992.0,0.4,49.0,M,2015.0
74,Alessandra,966.0,0.41,49.0,F,2015.0
19,Thomas,1389.0,0.56,39.0,M,2015.0
43,Manuel,1417.0,0.57,38.0,M,2015.0
96,Angelica,1059.0,0.45,43.0,F,2015.0
68,Miriam,1240.0,0.53,37.0,F,2015.0
93,Eleonora,1177.0,0.5,37.0,F,2015.0
63,Elisa,1851.0,0.79,27.0,F,2015.0
13,Gabriel,2150.0,0.87,27.0,M,2015.0
88,Mia,1717.0,0.74,27.0,F,2015.0
38,Michele,2079.0,0.84,28.0,M,2015.0
64,Bianca,1705.0,0.73,29.0,F,2015.0
14,Emanuele,2008.0,0.81,29.0,M,2015.0
89,Maria,1597.0,0.68,29.0,F,2015.0
39,Jacopo,1804.0,0.73,30.0,M,2015.0
90,Ludovica,1578.0,0.68,31.0,F,2015.0
65,Marta,1597.0,0.68,31.0,F,2015.0
37,Alessio,2245.0,0.91,26.0,M,2015.0
49,Domenico,992.0,0.4,50.0,M,2015.0
15,Daniele,1756.0,0.71,31.0,M,2015.0
42,Gioele,1590.0,0.64,36.0,M,2015.0
17,Salvatore,1635.0,0.66,35.0,M,2015.0
92,Melissa,1323.0,0.57,35.0,F,2015.0
67,Asia,1348.0,0.58,35.0,F,2015.0
18,Giulio,1528.0,0.62,37.0,M,2015.0
16,Giacomo,1652.0,0.67,33.0,M,2015.0
66,Gioia,1574.0,0.68,33.0,F,2015.0
91,Adele,1520.0,0.65,33.0,F,2015.0
40,Cristian,1752.0,0.71,32.0,M,2015.0
41,Vincenzo,1645.0,0.67,34.0,M,2015.0
83,Noemi,2293.0,1.01,17.0,F,2016.0
56,Beatrice,2820.0,1.24,13.0,F,2016.0
31,Antonio,3156.0,1.31,14.0,M,2016.0
82,Matilde,2425.0,1.06,15.0,F,2016.0
57,Gaia,2605.0,1.14,15.0,F,2016.0
7,Federico,3021.0,1.26,15.0,M,2016.0
32,Diego,3008.0,1.25,16.0,M,2016.0
8,Giovanni,2791.0,1.16,17.0,M,2016.0
58,Vittoria,2413.0,1.06,17.0,F,2016.0
33,Christian,2783.0,1.16,18.0,M,2016.0
81,Nicole,2815.0,1.24,13.0,F,2016.0
9,Nicolo',2732.0,1.14,19.0,M,2016.0
84,Alessia,2230.0,0.98,19.0,F,2016.0
34,Samuele,2697.0,1.12,20.0,M,2016.0
10,Pietro,2592.0,1.08,21.0,M,2016.0
60,Ludovica,2016.0,0.88,21.0,F,2016.0
35,Marco,2515.0,1.05,22.0,M,2016.0
11,Luca,2503.0,1.04,23.0,M,2016.0
86,Camilla,1914.0,0.84,23.0,F,2016.0
61,Viola,1924.0,0.84,23.0,F,2016.0
36,Filippo,2303.0,0.96,24.0,M,2016.0
59,Francesca,2262.0,0.99,19.0,F,2016.0
85,Arianna,2011.0,0.88,21.0,F,2016.0
0,Francesco,7850.0,3.26,1.0,M,2016.0
55,Anna,3122.0,1.37,11.0,F,2016.0
87,Bianca,1780.0,0.78,25.0,F,2016.0
50,Sofia,7616.0,3.34,1.0,F,2016.0
75,Aurora,6466.0,2.84,1.0,F,2016.0
25,Alessandro,6664.0,2.77,2.0,M,2016.0
76,Emma,3814.0,1.67,3.0,F,2016.0
51,Giulia,6093.0,2.67,3.0,F,2016.0
1,Leonardo,6505.0,2.71,3.0,M,2016.0
26,Lorenzo,6331.0,2.63,4.0,M,2016.0
77,Martina,3533.0,1.55,5.0,F,2016.0
2,Mattia,5917.0,2.46,5.0,M,2016.0
30,Giuseppe,3323.0,1.38,12.0,M,2016.0
52,Giorgia,3651.0,1.6,5.0,F,2016.0
78,Greta,3461.0,1.52,7.0,F,2016.0
3,Gabriele,5254.0,2.18,7.0,M,2016.0
53,Alice,3506.0,1.54,7.0,F,2016.0
28,Matteo,4526.0,1.88,8.0,M,2016.0
54,Ginevra,3256.0,1.43,9.0,F,2016.0
79,Chiara,3188.0,1.4,9.0,F,2016.0
4,Tommaso,4179.0,1.74,9.0,M,2016.0
29,Riccardo,4087.0,1.7,10.0,M,2016.0
5,Edoardo,3555.0,1.48,11.0,M,2016.0
80,Sara,2976.0,1.31,11.0,F,2016.0
27,Andrea,5577.0,2.32,6.0,M,2016.0
62,Elisa,1863.0,0.82,25.0,F,2016.0
6,Davide,3242.0,1.35,13.0,M,2016.0
37,Alessio,2123.0,0.88,26.0,M,2016.0
69,Irene,1115.0,0.49,39.0,F,2016.0
44,Thomas,1346.0,0.56,40.0,M,2016.0
95,Emily,1058.0,0.46,41.0,F,2016.0
70,Margherita,1069.0,0.47,41.0,F,2016.0
20,Samuel,1265.0,0.53,41.0,M,2016.0
45,Giorgio,1250.0,0.52,42.0,M,2016.0
71,Caterina,1017.0,0.45,43.0,F,2016.0
21,Daniel,1209.0,0.5,43.0,M,2016.0
96,Anita,994.0,0.44,43.0,F,2016.0
72,Serena,990.0,0.43,45.0,F,2016.0
97,Benedetta,976.0,0.43,45.0,F,2016.0
22,Stefano,1175.0,0.49,45.0,M,2016.0
47,Luigi,1164.0,0.48,46.0,M,2016.0
73,Rachele,955.0,0.42,47.0,F,2016.0
98,Angelica,930.0,0.41,47.0,F,2016.0
23,Nicola,1110.0,0.46,47.0,M,2016.0
48,Domenico,971.0,0.4,48.0,M,2016.0
99,Isabel,910.0,0.4,49.0,F,2016.0
24,Angelo,957.0,0.4,49.0,M,2016.0
74,Cecilia,927.0,0.41,49.0,F,2016.0
49,Kevin,942.0,0.39,50.0,M,2016.0
94,Melissa,1109.0,0.49,39.0,F,2016.0
19,Elia,1397.0,0.58,39.0,M,2016.0
46,Enea,1204.0,0.5,44.0,M,2016.0
93,Miriam,1149.0,0.5,37.0,F,2016.0
43,Manuel,1536.0,0.64,38.0,M,2016.0
13,Gabriel,2015.0,0.84,27.0,M,2016.0
88,Rebecca,1746.0,0.77,27.0,F,2016.0
38,Michele,1987.0,0.83,28.0,M,2016.0
64,Elena,1735.0,0.76,29.0,F,2016.0
14,Emanuele,1876.0,0.78,29.0,M,2016.0
89,Mia,1678.0,0.74,29.0,F,2016.0
39,Jacopo,1702.0,0.71,30.0,M,2016.0
90,Marta,1553.0,0.68,31.0,F,2016.0
65,Adele,1582.0,0.69,31.0,F,2016.0
15,Salvatore,1658.0,0.69,31.0,M,2016.0
63,Giada,1776.0,0.78,27.0,F,2016.0
12,Simone,2209.0,0.92,25.0,M,2016.0
40,Giulio,1637.0,0.68,32.0,M,2016.0
18,Gioele,1552.0,0.65,37.0,M,2016.0
42,Giacomo,1554.0,0.65,36.0,M,2016.0
17,Vincenzo,1582.0,0.66,35.0,M,2016.0
92,Eleonora,1210.0,0.53,35.0,F,2016.0
68,Carlotta,1205.0,0.53,37.0,F,2016.0
41,Daniele,1593.0,0.66,34.0,M,2016.0
16,Cristian,1594.0,0.66,33.0,M,2016.0
66,Gioia,1543.0,0.68,33.0,F,2016.0
91,Maria,1509.0,0.66,33.0,F,2016.0
67,Asia,1291.0,0.57,35.0,F,2016.0
83,Vittoria,2276.0,1.03,17.0,F,2017.0
56,Sara,2656.0,1.21,13.0,F,2017.0
31,Antonio,3101.0,1.33,14.0,M,2017.0
82,Gaia,2452.0,1.11,15.0,F,2017.0
57,Ludovica,2500.0,1.14,15.0,F,2017.0
7,Diego,2942.0,1.26,15.0,M,2017.0
32,Davide,2811.0,1.2,16.0,M,2017.0
8,Christian,2729.0,1.17,17.0,M,2017.0
58,Matilde,2327.0,1.06,17.0,F,2017.0
33,Nicolo',2705.0,1.16,18.0,M,2017.0
81,Nicole,2526.0,1.15,13.0,F,2017.0
9,Giovanni,2668.0,1.14,19.0,M,2017.0
84,Francesca,2031.0,0.92,19.0,F,2017.0
34,Samuele,2542.0,1.09,20.0,M,2017.0
10,Pietro,2529.0,1.08,21.0,M,2017.0
60,Alessia,1974.0,0.9,21.0,F,2017.0
35,Marco,2447.0,1.05,22.0,M,2017.0
11,Filippo,2293.0,0.98,23.0,M,2017.0
86,Arianna,1884.0,0.86,23.0,F,2017.0
61,Bianca,1947.0,0.88,23.0,F,2017.0
36,Luca,2178.0,0.93,24.0,M,2017.0
59,Noemi,2115.0,0.96,19.0,F,2017.0
85,Camilla,1971.0,0.89,21.0,F,2017.0
0,Francesco,7209.0,3.09,1.0,M,2017.0
55,Anna,2954.0,1.34,11.0,F,2017.0
87,Elena,1724.0,0.78,25.0,F,2017.0
50,Sofia,7173.0,3.26,1.0,F,2017.0
75,Giulia,6143.0,2.79,1.0,F,2017.0
25,Leonardo,6622.0,2.84,2.0,M,2017.0
76,Alice,3691.0,1.68,3.0,F,2017.0
51,Aurora,5808.0,2.64,3.0,F,2017.0
1,Alessandro,5987.0,2.57,3.0,M,2017.0
26,Lorenzo,5789.0,2.48,4.0,M,2017.0
77,Emma,3525.0,1.6,5.0,F,2017.0
2,Mattia,5715.0,2.45,5.0,M,2017.0
30,Federico,3189.0,1.37,12.0,M,2017.0
52,Ginevra,3564.0,1.62,5.0,F,2017.0
78,Greta,3270.0,1.48,7.0,F,2017.0
3,Gabriele,5129.0,2.2,7.0,M,2017.0
53,Giorgia,3474.0,1.58,7.0,F,2017.0
28,Riccardo,4336.0,1.86,8.0,M,2017.0
54,Martina,3129.0,1.42,9.0,F,2017.0
79,Beatrice,2970.0,1.35,9.0,F,2017.0
4,Matteo,4072.0,1.74,9.0,M,2017.0
29,Tommaso,4020.0,1.72,10.0,M,2017.0
5,Edoardo,3732.0,1.6,11.0,M,2017.0
80,Chiara,2908.0,1.32,11.0,F,2017.0
27,Andrea,5322.0,2.28,6.0,M,2017.0
62,Rebecca,1760.0,0.8,25.0,F,2017.0
6,Giuseppe,3170.0,1.36,13.0,M,2017.0
37,Simone,1950.0,0.84,26.0,M,2017.0
69,Eleonora,1110.0,0.5,39.0,F,2017.0
44,Elia,1383.0,0.59,40.0,M,2017.0
95,Irene,1049.0,0.48,41.0,F,2017.0
70,Emily,1057.0,0.48,41.0,F,2017.0
20,Samuel,1329.0,0.57,41.0,M,2017.0
45,Giorgio,1291.0,0.55,42.0,M,2017.0
71,Margherita,1034.0,0.47,43.0,F,2017.0
21,Enea,1219.0,0.52,43.0,M,2017.0
96,Anita,942.0,0.43,43.0,F,2017.0
12,Michele,1952.0,0.84,25.0,M,2017.0
94,Miriam,1059.0,0.48,39.0,F,2017.0
72,Benedetta,936.0,0.42,45.0,F,2017.0
22,Daniel,1121.0,0.48,45.0,M,2017.0
47,Nicola,1058.0,0.45,46.0,M,2017.0
73,Azzurra,926.0,0.42,47.0,F,2017.0
98,Eva,896.0,0.41,47.0,F,2017.0
23,Stefano,1037.0,0.44,47.0,M,2017.0
48,Domenico,1005.0,0.43,48.0,M,2017.0
99,Cecilia,881.0,0.4,49.0,F,2017.0
24,Raffaele,936.0,0.4,49.0,M,2017.0
74,Rachele,886.0,0.4,49.0,F,2017.0
49,Kevin,923.0,0.4,50.0,M,2017.0
97,Caterina,927.0,0.42,45.0,F,2017.0
19,Cristian,1426.0,0.61,39.0,M,2017.0
46,Luigi,1212.0,0.52,44.0,M,2017.0
93,Carlotta,1114.0,0.51,37.0,F,2017.0
43,Daniele,1479.0,0.63,38.0,M,2017.0
63,Viola,1626.0,0.74,27.0,F,2017.0
13,Alessio,1912.0,0.82,27.0,M,2017.0
88,Mia,1585.0,0.72,27.0,F,2017.0
38,Gabriel,1895.0,0.81,28.0,M,2017.0
64,Elisa,1574.0,0.71,29.0,F,2017.0
14,Emanuele,1867.0,0.8,29.0,M,2017.0
39,Giulio,1665.0,0.71,30.0,M,2017.0
90,Marta,1481.0,0.67,31.0,F,2017.0
65,Adele,1486.0,0.67,31.0,F,2017.0
15,Salvatore,1609.0,0.69,31.0,M,2017.0
89,Giada,1534.0,0.7,29.0,F,2017.0
91,Asia,1407.0,0.64,33.0,F,2017.0
40,Vincenzo,1575.0,0.67,32.0,M,2017.0
18,Thomas,1480.0,0.63,37.0,M,2017.0
42,Gioele,1510.0,0.65,36.0,M,2017.0
17,Giacomo,1510.0,0.65,35.0,M,2017.0
92,Isabel,1218.0,0.55,35.0,F,2017.0
68,Melissa,1126.0,0.51,37.0,F,2017.0
41,Manuel,1517.0,0.65,34.0,M,2017.0
16,Jacopo,1559.0,0.67,33.0,M,2017.0
66,Gioia,1452.0,0.66,33.0,F,2017.0
67,Maria,1358.0,0.62,35.0,F,2017.0
83,Ludovica,2290.0,1.07,17.0,F,2018.0
56,Vittoria,2585.0,1.21,13.0,F,2018.0
31,Antonio,2942.0,1.3,14.0,M,2018.0
82,Matilde,2459.0,1.15,15.0,F,2018.0
57,Nicole,2461.0,1.15,15.0,F,2018.0
7,Federico,2917.0,1.29,15.0,M,2018.0
32,Diego,2885.0,1.27,16.0,M,2018.0
8,Davide,2673.0,1.18,17.0,M,2018.0
58,Bianca,2346.0,1.1,17.0,F,2018.0
33,Giovanni,2655.0,1.17,18.0,M,2018.0
36,Luca,1956.0,0.86,24.0,M,2018.0
9,Christian,2492.0,1.1,19.0,M,2018.0
84,Gaia,2106.0,0.98,19.0,F,2018.0
34,Pietro,2425.0,1.07,20.0,M,2018.0
10,Samuele,2308.0,1.02,21.0,M,2018.0
85,Alessia,1825.0,0.85,21.0,F,2018.0
60,Noemi,2065.0,0.96,21.0,F,2018.0
35,Filippo,2268.0,1.0,22.0,M,2018.0
11,Marco,2194.0,0.97,23.0,M,2018.0
86,Rebecca,1782.0,0.83,23.0,F,2018.0
61,Arianna,1797.0,0.84,23.0,F,2018.0
59,Camilla,2131.0,1.0,19.0,F,2018.0
81,Sara,2488.0,1.16,13.0,F,2018.0
50,Sofia,6400.0,2.99,1.0,F,2018.0
30,Giuseppe,3217.0,1.42,12.0,M,2018.0
87,Mia,1665.0,0.78,25.0,F,2018.0
75,Giulia,5917.0,2.76,1.0,F,2018.0
25,Francesco,6519.0,2.87,2.0,M,2018.0
76,Alice,3741.0,1.75,3.0,F,2018.0
51,Aurora,5862.0,2.74,3.0,F,2018.0
1,Alessandro,5660.0,2.5,3.0,M,2018.0
26,Lorenzo,5566.0,2.45,4.0,M,2018.0
77,Emma,3481.0,1.63,5.0,F,2018.0
2,Mattia,5474.0,2.41,5.0,M,2018.0
52,Ginevra,3688.0,1.72,5.0,F,2018.0
6,Nicolo',2998.0,1.32,13.0,M,2018.0
27,Andrea,5016.0,2.21,6.0,M,2018.0
3,Gabriele,4721.0,2.08,7.0,M,2018.0
53,Giorgia,3251.0,1.52,7.0,F,2018.0
28,Riccardo,4456.0,1.97,8.0,M,2018.0
54,Beatrice,3030.0,1.42,9.0,F,2018.0
79,Anna,2762.0,1.29,9.0,F,2018.0
4,Tommaso,4181.0,1.84,9.0,M,2018.0
29,Edoardo,3776.0,1.67,10.0,M,2018.0
5,Matteo,3715.0,1.64,11.0,M,2018.0
80,Chiara,2712.0,1.27,11.0,F,2018.0
55,Martina,2758.0,1.29,11.0,F,2018.0
78,Greta,3043.0,1.42,7.0,F,2018.0
62,Francesca,1774.0,0.83,25.0,F,2018.0
93,Emily,1056.0,0.49,37.0,F,2018.0
37,Michele,1868.0,0.82,26.0,M,2018.0
44,Enea,1337.0,0.59,40.0,M,2018.0
95,Melissa,1022.0,0.48,41.0,F,2018.0
70,Miriam,1030.0,0.48,41.0,F,2018.0
20,Manuel,1328.0,0.59,41.0,M,2018.0
45,Elia,1308.0,0.58,42.0,M,2018.0
71,Cecilia,1010.0,0.47,43.0,F,2018.0
21,Giorgio,1163.0,0.51,43.0,M,2018.0
96,Margherita,969.0,0.45,43.0,F,2018.0
46,Daniel,1082.0,0.48,44.0,M,2018.0
72,Anita,932.0,0.44,45.0,F,2018.0
97,Benedetta,928.0,0.43,45.0,F,2018.0
22,Luigi,1064.0,0.47,45.0,M,2018.0
47,Stefano,1015.0,0.45,46.0,M,2018.0
73,Caterina,859.0,0.4,47.0,F,2018.0
98,Irene,857.0,0.4,47.0,F,2018.0
23,Nicola,943.0,0.42,47.0,M,2018.0
48,Domenico,918.0,0.4,48.0,M,2018.0
99,Chloe,843.0,0.39,49.0,F,2018.0
24,Raffaele,904.0,0.4,49.0,M,2018.0
74,Eva,850.0,0.4,49.0,F,2018.0
49,Nathan,890.0,0.39,50.0,M,2018.0
69,Eleonora,1049.0,0.49,39.0,F,2018.0
94,Azzurra,1041.0,0.49,39.0,F,2018.0
19,Daniele,1339.0,0.59,39.0,M,2018.0
43,Samuel,1347.0,0.59,38.0,M,2018.0
63,Elena,1624.0,0.76,27.0,F,2018.0
13,Alessio,1752.0,0.77,27.0,M,2018.0
88,Viola,1519.0,0.71,27.0,F,2018.0
38,Gabriel,1747.0,0.77,28.0,M,2018.0
64,Adele,1486.0,0.69,29.0,F,2018.0
14,Giulio,1649.0,0.73,29.0,M,2018.0
89,Giada,1399.0,0.65,29.0,F,2018.0
39,Salvatore,1635.0,0.72,30.0,M,2018.0
90,Elisa,1340.0,0.63,31.0,F,2018.0
65,Marta,1344.0,0.63,31.0,F,2018.0
12,Simone,1869.0,0.82,25.0,M,2018.0
15,Gioele,1559.0,0.69,31.0,M,2018.0
91,Isabel,1328.0,0.62,33.0,F,2018.0
66,Gioia,1334.0,0.62,33.0,F,2018.0
16,Vincenzo,1532.0,0.68,33.0,M,2018.0
41,Thomas,1476.0,0.65,34.0,M,2018.0
67,Maria,1322.0,0.62,35.0,F,2018.0
92,Asia,1112.0,0.52,35.0,F,2018.0
17,Giacomo,1447.0,0.64,35.0,M,2018.0
42,Jacopo,1401.0,0.62,36.0,M,2018.0
18,Cristian,1367.0,0.6,37.0,M,2018.0
68,Carlotta,1083.0,0.51,37.0,F,2018.0
40,Emanuele,1536.0,0.68,32.0,M,2018.0
0,Leonardo,7690.0,3.39,1.0,M,2018.0
